date,open,high,low,close,volume,sma_20,ema_20,rsi_14,macd,macd_signal,macd_hist,bb_upper,bb_middle,bb_lower,published_at,sentiment_score,rolling_3d_avg,rolling_5d_avg,rsi_7,close_lag,rsi_7_lag,ema_20_lag
2023-01-03,0.003180369388463944,0.0,0.0,0.0,0.019772941229210562,,,,,,,,,,,,,,,,,
2023-01-04,0.0,0.0035445248771785176,0.0009753709248910558,0.008415150532355045,0.03651768503160443,,,0.9999999999999999,,,,,,,,,,,,0.0,,
2023-01-05,0.0068150880932780905,0.0017722624385892588,0.003901483699564265,0.0070126273013398355,0.025637692204240822,,,0.9827879121401027,,,,,,,,,0.005142592611231627,,,0.008415150532355045,,
2023-01-06,0.00454339567294669,0.00022152752306496548,0.0019507418497821255,0.004207569693045615,0.026105034294167752,,,0.9471563033905789,,,,,,,,,0.006545115842246832,,,0.0070126273013398355,,
2023-01-09,0.007723765061410648,0.01107665080470023,0.011216777263585845,0.009350166019698514,0.052001613843188244,,,0.9497874457497774,,,,,,,,,0.006856787671361321,0.005797102709287802,,0.004207569693045615,,
2023-01-10,0.0068150880932780905,0.014178110072231437,0.00682759647423746,0.02057036301408395,0.042874434034159685,,,0.9550466056579104,,,,,,,,,0.011376032908942693,0.009911175312104592,,0.009350166019698514,,0.005797102709287802
2023-01-11,0.018173561027218982,0.01727956933976263,0.018775907745160914,0.018232824295725272,0.03391872506388129,,,0.9248595677234223,,,,,,,,,0.016051117776502578,0.011874710064778637,79.10447176965216,0.02057036301408395,,0.009911175312104592
2023-01-12,0.020899591931616654,0.02614089209622629,0.019507430125159916,0.03085554452112592,0.06944008607163671,,,0.9337103967825947,,,,,,,,,0.02321957727697838,0.016643293508735856,81.57893911293256,0.018232824295725272,79.10447176965216,0.011874710064778637
2023-01-13,0.023171284351948054,0.02902082384069253,0.024871981839399385,0.02664796368181649,0.05386986147845968,,,0.8812364360868291,,,,,,,,,0.02524544416622256,0.02113137230649003,75.60973340454873,0.03085554452112592,81.57893911293256,0.016643293508735856
2023-01-17,0.03702862436439543,0.03898980533951579,0.03267496086586649,0.0331930832394846,0.07125565965840319,,,0.888794075663652,,,,,,,,,0.03023219714747567,0.025899955750447245,84.44443855756812,0.02664796368181649,75.60973340454873,0.02113137230649003
2023-01-18,0.03452975728588893,0.03278688680445338,0.027310409151627052,0.02431042496345781,0.0450284664006814,,,0.7825520103445599,,,,,,,,,0.028050490628252964,0.02664796814032202,66.32652291652016,0.0331930832394846,84.44443855756812,0.025899955750447245
2023-01-19,0.022944120526056863,0.02126717039010584,0.022433554527171717,0.022440393988770888,0.04834244855874838,,,0.7609315154588813,,,,,,,,,0.026647967397237765,0.02748948207893114,52.564099429079356,0.02431042496345781,66.32652291652016,0.02664796814032202
2023-01-20,0.023171284351948054,0.023039432828695097,0.024871981839399385,0.02945302129011071,0.050781144932084105,,,0.7779074164077545,,,,,,,,,0.0254012800807798,0.0272089774327281,63.63635871036191,0.022440393988770888,52.564099429079356,0.02748948207893114
2023-01-23,0.032258064865557545,0.033673018023748,0.03413801725320309,0.03833566841987367,0.05764782355314475,,,0.7975201714178922,,,,,,,,,0.03007636123291842,0.02954651838033954,59.999988079073894,0.02945302129011071,63.63635871036191,0.0272089774327281
2023-01-24,0.03498409576995522,0.035445280462337275,0.03803950095276737,0.03693314518885844,0.03687967902452145,,,0.7803994824238415,,,,,,,,,0.03490727829961427,0.030294530770214302,64.8648666064176,0.03833566841987367,59.999988079073894,0.02954651838033954
2023-01-25,0.030122675073674415,0.029685416973404807,0.030236521926300247,0.03693314518885844,0.05020733402071099,,,0.7803994824238413,,,,,,,,,0.037400652932530185,0.03281907481529443,56.66666136847513,0.03693314518885844,64.8648666064176,0.030294530770214302
2023-01-26,0.03998182992696821,0.0359326494638941,0.035698603756625646,0.03927068390721712,0.051443493073922986,,,0.7865045530338161,,,,,,,,,0.03771232476164467,0.03618513279898368,84.78261658284865,0.03693314518885844,56.66666136847513,0.03281907481529443
2023-01-27,0.034075418801822646,0.03579972872464818,0.03974640588499603,0.04254324925918308,0.04564822701394181,,,0.79509325978214,,,,,,,,,0.03958235945175288,0.03880317839279815,93.87755697838995,0.03927068390721712,84.78261658284865,0.03618513279898368
2023-01-30,0.03861881447476935,0.044173682479555,0.03999024280254951,0.03693314518885844,0.047731653740978174,,,0.7152535340415699,,,,,,,,,0.03958235945175288,0.038522673746595106,67.39128631995766,0.04254324925918308,93.87755697838995,0.03880317839279815
2023-01-31,0.03816446515841916,0.046078865657390194,0.041453299189886106,0.05423095399724025,0.08618819204733941,0.004820979464462943,0.0020476983317254394,0.7684161749399815,,,,0.012197075198793095,0.004820979464462943,0.026505274081516247,,,0.044569116148427255,0.04198223550827147,76.56249767169474,0.03693314518885844,67.39128631995766,0.038522673746595106
2023-02-01,0.04906859960829378,0.05228178419245258,0.046817850904125574,0.05750350820294241,0.0566257228672614,0.008597924805155088,0.005897701989292292,0.7769025693570798,,,,0.01565985074588941,0.008597924805155088,0.030259653488065155,,,0.04955586912968037,0.04609630811108826,82.35293086425293,0.05423095399724025,76.56249767169474,0.04198223550827147
2023-02-02,0.06269877579484996,0.0695613640957326,0.0677883374166221,0.07620384024233941,0.07137333572421213,0.013050421422372782,0.011665907812880516,0.8179551558895447,,,,0.024248802232473915,0.013050421422372782,0.02759634094573872,,,0.06264610081417403,0.05348293937811273,88.88888153029349,0.05750350820294241,82.35293086425293,0.04609630811108826
2023-02-03,0.06315311427891625,0.07492246536692726,0.06827602287906762,0.07012622842834303,0.06120276146501099,0.017195848878201275,0.016142177740394142,0.7466950031589731,,,,0.029200790157341144,0.017195848878201275,0.02990588305974977,,,0.0679445256245416,0.05899953521194471,78.44826576259479,0.07620384024233941,88.88888153029349,0.05348293937811273
2023-02-06,0.06451612973111508,0.0629153693875055,0.0677883374166221,0.06872370519732783,0.04682834984534003,0.02143339759492277,0.020020771261945902,0.7303034556410103,,,,0.03227567724543379,0.02143339759492277,0.03539252147963802,,,0.07168459128933675,0.0653576472136386,74.99998935631686,0.07012622842834303,78.44826576259479,0.05899953521194471
2023-02-07,0.06678782215144648,0.062472303777858174,0.06437453917950337,0.07152875165935822,0.048838929484018474,0.025517411364895187,0.023872704892890034,0.7386428879806194,,,,0.035525476863560335,0.025517411364895187,0.040229984651460535,,,0.07012622842834303,0.06881720674606218,84.90565486037556,0.06872370519732783,74.99998935631686,0.0653576472136386
2023-02-08,0.06815083760364533,0.06734603604749603,0.0677883374166221,0.06591865873529744,0.03856749002555252,0.028495978057349658,0.02667232776466391,0.6700570452995779,0.4706932136588312,,,0.03792569688640046,0.028495978057349658,0.04371076714354259,,,0.06872370519732783,0.07050023685253318,65.43209985559488,0.07152875165935822,84.90565486037556,0.06881720674606218
2023-02-09,0.06769649911957905,0.06070004133926893,0.05949768455504803,0.05750350820294241,0.05438539471914646,0.031075355059630855,0.0281771286190938,0.5757000012619857,0.4635652776205549,,,0.03829203368912168,0.031075355059630855,0.04941834296841123,,,0.06498363953253268,0.0667601704446538,50.0,0.06591865873529744,65.43209985559488,0.07050023685253318
2023-02-10,0.051340302860909084,0.04563580004774287,0.043404041039668245,0.044179520788902235,0.04012753844084817,0.03195050044913414,0.027910645712811266,0.4492988588095328,0.45153011930195036,,,0.0382638311150198,0.03195050044913414,0.05159471569885181,,,0.05586722924238069,0.061570828916765616,7.45340842283899,0.05750350820294241,50.0,0.0667601704446538
2023-02-13,0.04225352234729958,0.0363314116816319,0.0429163555772227,0.043478264746526565,0.024409378222082757,0.033055948258761014,0.02758386031973356,0.4431496493226439,0.44086196641866315,,,0.03786724237824715,0.033055948258761014,0.0549116162182338,,,0.04838709791279041,0.05652174082660537,8.695646164621493,0.044179520788902235,7.45340842283899,0.061570828916765616
2023-02-14,0.03952749144290192,0.050509521753863335,0.04242867011477716,0.05937353917762932,0.04361523288653786,0.03477553292694849,0.029230335195596285,0.5302946599377476,0.43805847763672734,,,0.03888995097435788,0.03477553292694849,0.05749211429523941,,,0.04901044157101938,0.05409069833025959,39.99999523162725,0.043478264746526565,8.695646164621493,0.05652174082660537
2023-02-15,0.05679236466970443,0.06468763182609474,0.061936111867275684,0.0724637671467017,0.07136661137759448,0.037938340676971105,0.032319410822388706,0.5875411100756934,0.44032103720397286,,,0.04083985234938936,0.037938340676971105,0.06213009037344806,,,0.05843852369028587,0.05539972001254044,50.81967149040952,0.05937353917762932,39.99999523162725,0.05409069833025959
2023-02-16,0.06497046821518136,0.06778910165714333,0.06754450049906863,0.06451613550428222,0.07620253732012373,0.04070195946892938,0.03414322052610691,0.5176235699101671,0.4380693785138311,,,0.0404900932957262,0.04070195946892938,0.06941292810823747,,,0.06545114727620442,0.05680224547280841,48.81889852471433,0.0724637671467017,50.81967149040952,0.05539972001254044
2023-02-17,0.05906405709003583,0.057598582071737736,0.06291148279216677,0.0640486277606105,0.0435905769489398,0.042974268041930275,0.03573621240613492,0.5135404006020093,0.4353137300244786,,,0.040386637696865624,0.042974268041930275,0.07511141216012183,,,0.06700951013719814,0.06077606686715006,56.36364306300342,0.06451613550428222,48.81889852471433,0.05680224547280841
2023-02-21,0.05815538012190326,0.05533894006807427,0.0560838746905907,0.05189340413261777,0.04247433541040929,0.04386476721895205,0.03569232485278981,0.4128625617314695,0.42749597004901335,0.4623993168747602,0.3826469822327784,0.04001208544233997,0.04386476721895205,0.07786999618683173,,,0.060152722465836826,0.0624590947443683,57.674418192028355,0.0640486277606105,56.36364306300342,0.06077606686715006
2023-02-22,0.048614261124227495,0.044085065132218576,0.04779322182901663,0.04488078797754176,0.04365782041511634,0.04438678428083742,0.03479579214496045,0.3612214293420434,0.4178686710887481,0.4558930098330524,0.37333569034307723,0.0394688459674761,0.04438678428083742,0.07999623644591862,,,0.05360760662359001,0.05956054450435079,51.23966844442885,0.05189340413261777,57.674418192028355,0.0624590947443683
2023-02-23,0.04588823021982984,0.039875936558810415,0.04730553636657109,0.043478264746526565,0.031200968305912943,0.04481668081393875,0.033813278520249485,0.35098945541091076,0.40918870318231326,0.4486141607719657,0.3675745278509683,0.03893604726160077,0.04481668081393875,0.08188163138379105,,,0.04675081895222869,0.053763444024315765,31.111112877174975,0.04488078797754176,51.23966844442885,0.05956054450435079
2023-02-24,0.0377101266743529,0.033495783329075185,0.03755181549032183,0.03459560647049979,0.038994486035773525,0.04450961238465845,0.0318390246926189,0.2882640044858671,0.3983427277890058,0.4401997792060752,0.3591063965245906,0.03944608857595369,0.04450961238465845,0.0803312648949175,,,0.040984886398189375,0.047779338217559274,0.0,0.043478264746526565,31.111112877174975,0.053763444024315765
2023-02-27,0.03634711122215405,0.033229952414100705,0.03999024280254951,0.03693314518885844,0.02963979916618102,0.04414112953741317,0.030338403346204884,0.30563082188414414,0.3904340397610931,0.4315787434253872,0.357565291340325,0.039894739316408384,0.04414112953741317,0.07872784907472564,,,0.038335672135294936,0.04235624170320887,7.246369299982334,0.03459560647049979,0.0,0.047779338217559274
2023-02-28,0.03507496779968204,0.03455914924304265,0.03901487187765845,0.035063114214171506,0.03329448155287578,0.0440183021657011,0.028752211672771755,0.2919309816481167,0.38322526158771086,0.4229596055657353,0.3575794449154217,0.04009172813273179,0.0440183021657011,0.07811875703941447,,,0.03553062195784325,0.03899018371951961,6.94443754575893,0.03693314518885844,7.246369299982334,0.04235624170320887
2023-03-01,0.03725578819028662,0.031236151888929087,0.029261151001409177,0.02664796368181649,0.03510893441520599,0.04220659623662065,0.026288894605347696,0.23280576284150412,0.3740157530843577,0.41386397489575577,0.3540260427214198,0.041687864358358556,0.04220659623662065,0.07119440218371455,,,0.032881407694948815,0.03534361886037456,7.812494179232644,0.035063114214171506,6.94443754575893,0.03899018371951961
2023-03-02,0.02180826889974921,0.0194948973879992,0.023652762369616248,0.024777932707129552,0.046919128524678354,0.04005711503533185,0.02383169251766737,0.22021330861491273,0.36597491655188946,0.4046663671319121,0.3532655577335661,0.042765707152031235,0.04005711503533185,0.06426244014796202,,,0.028829670201039184,0.03160355245249515,9.433953776482952,0.02664796368181649,7.812494179232644,0.03534361886037456
2023-03-03,0.02044525344755037,0.01993796299764651,0.023896610914508315,0.02524544045080128,0.03239117765723764,0.03671006549563213,0.02166563133786409,0.22464938542840562,0.3598810680967824,0.39585234883094533,0.3561261415859122,0.040440457247062134,0.03671006549563213,0.059766040036586546,,,0.025557112279915774,0.02973351924855545,11.764694882648882,0.024777932707129552,9.433953776482952,0.03160355245249515
2023-03-06,0.025897315256345727,0.02348249843834241,0.024384296376953843,0.02150537850142742,0.036338369121800336,0.03351655090268146,0.019248888407544046,0.1973449998774094,0.3536905720531845,0.38732211121993876,0.3582424105084726,0.03895500890463385,0.03351655090268146,0.05432267375733253,,,0.023842917219786083,0.02664796591106925,14.999991059299987,0.02524544045080128,11.764694882648882,0.02973351924855545
2023-03-07,0.02044525344755037,0.014842703204943714,0.01901974466271439,0.017297808808381804,0.03264334065539965,0.030138795252162592,0.016548216517706105,0.167499648056188,0.34730695624301483,0.3789727583089799,0.35959134185870417,0.0374467395117182,0.030138795252162592,0.04846636084141638,,,0.021349542586870166,0.02309490482991131,2.2727260412258232,0.02150537850142742,14.999991059299987,0.02664796591106925
2023-03-08,0.015447519290537393,0.012627375156707143,0.01755668827537779,0.017297808808381804,0.02399695162953333,0.026576798544075547,0.014104751474519395,0.167499648056188,0.34253629469520547,0.3711534774951278,0.3635443067555776,0.034524958814663,0.026576798544075547,0.044384651779018,,,0.01870033203939701,0.021224873855224372,2.499998509883312,0.017297808808381804,2.2727260412258232,0.02309490482991131
2023-03-09,0.014084503838338563,0.010190519585405608,0.00829066448891265,0.005843852369028596,0.03170977719998207,0.02263096520122479,0.01049451463992801,0.09122282096849588,0.33447903426322295,0.362973025645559,0.3608509063035481,0.03328909870829763,0.02263096520122479,0.03671590155482109,,,0.013479823328597401,0.01743805778760418,2.1505359804465627,0.017297808808381804,2.499998509883312,0.021224873855224372
2023-03-10,0.004089046356596501,0.00443065609647314,0.00365764678201079,0.0032725542057021467,0.03347603891155243,0.0190689677610289,0.006913940066005458,0.07598301131945084,0.3275095963216109,0.3547635376990324,0.36063437222706524,0.03287267405541122,0.0190689677610289,0.028693275161287543,,,0.008804738461037515,0.013043480538584354,2.0833312637276578,0.005843852369028596,2.1505359804465627,0.01743805778760418
2023-03-13,0.00454339567294669,0.01107665080470023,0.004389169162009793,0.012622720225400647,0.07728964002331107,0.01699625403311464,0.0048168071848751215,0.1839719683314044,0.3262644864390005,0.34789846776927363,0.3706602484352547,0.03254128153265748,0.01699625403311464,0.024165054180194726,,,0.007246375600043796,0.011266948883378999,29.850749986477766,0.0032725542057021467,2.0833312637276578,0.013043480538584354
2023-03-14,0.019990914963484097,0.01993796299764651,0.020970498139835106,0.019635347526740482,0.07690635226610482,0.015430203579567342,0.003776227528162146,0.2543564290698461,0.32857870982911175,0.3429593222106957,0.3850226558791968,0.03171158747238831,0.015430203579567342,0.021654981689671185,,,0.011843540652614426,0.011734456627050735,47.29730078040174,0.012622720225400647,29.850749986477766,0.011266948883378999
2023-03-15,0.01681054557502014,0.01284891324328949,0.012192148188476915,0.013090227969072374,0.04348522885192989,0.012390223201256795,0.0020350460739719523,0.20536343143602254,0.3282047779030224,0.3389186665729035,0.39172306349628666,0.02855955407036803,0.012390223201256795,0.01920718410180379,,,0.015116098573737835,0.010892940459188849,44.30379097402084,0.019635347526740482,47.29730078040174,0.011734456627050735
2023-03-16,0.01044979596580832,0.008418246583298969,0.012679833650922456,0.013557735712744115,0.04076186847178016,0.008521157331780549,0.0005168130863740794,0.21021020846369143,0.3285481924717035,0.33576819009756304,0.3983614943820229,0.021411321840858755,0.008521157331780549,0.021025592036119353,,,0.015427770402852323,0.012435717127931952,44.99999254942341,0.013090227969072374,44.30379097402084,0.010892940459188849
2023-03-17,0.018173561027218982,0.016836503730115318,0.01853205920026886,0.02057036301408395,0.12044985878872104,0.005634711168110207,0.0,0.28104740750640556,0.3320809611608872,0.3340918521091487,0.40935474930669435,0.01512126483172474,0.005634711168110207,0.023887930389568976,,,0.015739442231966813,0.015895278889608313,72.340416897476,0.013557735712744115,44.99999254942341,0.012435717127931952
2023-03-20,0.025897315256345727,0.024590157180701996,0.026335038226735982,0.027115471425488216,0.08134330030931995,0.0032088676483602585,0.000332110467604535,0.3405018380478332,0.3378843019302754,0.3341373061974842,0.4221948585602414,0.00792249078348034,0.0032088676483602585,0.02930178735234444,,,0.02041452338410543,0.01879382912962583,82.27847222620423,0.02057036301408395,72.340416897476,0.015895278889608313
2023-03-21,0.027260341540828473,0.037660608510573845,0.02779809461407258,0.04488078797754176,0.0601223831084413,0.0027482650044398094,0.0028032172250308796,0.46888625184738486,0.3499111514015794,0.3370471042466129,0.4435554455282963,0.006197250641277546,0.0027482650044398094,0.03089347339118688,,,0.030855540805704643,0.023842917219786083,85.5670034676375,0.027115471425488216,82.27847222620423,0.01879382912962583
2023-03-22,0.04179918386323332,0.04297739582634161,0.03462570271564863,0.03132305226479766,0.07736697000941409,0.001857765827418062,0.0033824509383543755,0.35459574540933503,0.3540845367830297,0.34037204094740064,0.44665130461293967,0.003848692448088914,0.001857765827418062,0.03241833176228422,,,0.034439770555942543,0.02748948207893114,61.26125990672036,0.04488078797754176,85.5670034676375,0.023842917219786083
2023-03-23,0.032258064865557545,0.04031900216845771,0.03755181549032183,0.040205699394560604,0.06692405971219798,0.0016428171948129344,0.004991831103318023,0.4118335399188049,0.3610787606433448,0.34470303858518087,0.4541539133896597,0.003137708313258686,0.0016428171948129344,0.03301305391785754,,,0.03880317987896668,0.03281907481529443,75.00000000000001,0.03132305226479766,61.26125990672036,0.02748948207893114
2023-03-24,0.03498409576995522,0.03101461380234674,0.035113388178094174,0.03179056000846937,0.044632850674676115,0.0014585761372447603,0.005419747061093105,0.34781238343546383,0.36324934654417335,0.34868642945171735,0.4515616672175967,0.002741904655709615,0.0014585761372447603,0.03318680750632731,,,0.034439770555942543,0.03506311421417153,64.66166154843401,0.040205699394560604,75.00000000000001,0.03281907481529443
2023-03-27,0.03044071092929243,0.02614089209622629,0.022433554527171717,0.02664796368181649,0.06320773748150806,0.0007830248607192114,0.005178569480495554,0.3111752833356287,0.36293160820727305,0.35179722863244456,0.4450543933540313,0.0013727005200787346,0.0007830248607192114,0.03369479706853802,,,0.03288140769494882,0.034969612665437175,55.03875596485524,0.03179056000846937,64.66166154843401,0.03506311421417153
2023-03-28,0.02271694586788177,0.01865308012413147,0.023896610914508315,0.0231416611774104,0.027341193347379746,0.0,0.00453194941349741,0.28660122135881827,0.36132576565706465,0.3539022027583412,0.4375535436472781,0.0,0.0,0.03394646161888924,,,0.027193394955898755,0.03062178730541091,46.53061947391808,0.02664796368181649,55.03875596485524,0.034969612665437175
2023-03-29,0.026351653740411998,0.025254760876931667,0.030236521926300247,0.032258067752141115,0.04695162953333035,0.0003684828472452495,0.005060785288877184,0.35295863832426133,0.3638035583419168,0.3561781721468581,0.4388287254090774,0.0006777851566831805,0.0003684828472452495,0.033777998048635335,,,0.027349230870456,0.030808790402879593,37.01922525844356,0.0231416611774104,46.53061947391808,0.03062178730541091
2023-03-30,0.03180372638149126,0.027691627011750583,0.03267496086586649,0.03085554452112592,0.03304231855471377,0.0007676725374185234,0.005367890858498314,0.342141747024611,0.36522376323717604,0.35833826063804225,0.43796455405979345,0.0012896574305257813,0.0007676725374185234,0.03378802253663833,,,0.028751757816892477,0.028938759428192663,49.35897455491349,0.032258067752141115,37.01922525844356,0.030808790402879593
2023-03-31,0.029077695477093587,0.029242351363757496,0.033162646328312034,0.03599812970151499,0.047919935446272474,0.001473930656872069,0.006274086554376029,0.37933787281631903,0.36843042862806635,0.36083246256774765,0.44045617491902656,0.002604979942186697,0.001473930656872069,0.033439595908149586,,,0.03303724732492734,0.02978027336680178,43.57143076098828,0.03085554452112592,49.35897455491349,0.028938759428192663
2023-04-03,0.03044071092929243,0.028577758231045206,0.03218726377608239,0.032258067752141115,0.041746985251266425,0.0021801887763256977,0.006637004606814989,0.3479957257644519,0.36942923134664557,0.3630664563880059,0.4385156963914052,0.00347075664783425,0.0021801887763256977,0.03379830312612321,,,0.03303724732492734,0.030902294180866707,50.83333300219625,0.03599812970151499,43.57143076098828,0.02978027336680178
2023-04-04,0.030895049413358702,0.027691627011750583,0.029748836463854705,0.02992052903378245,0.047997265432375494,0.0030092742674913964,0.006679750728055628,0.3283552267647426,0.3692506818158186,0.36481099268866884,0.43486561104635213,0.0040317216631774455,0.0030092742674913964,0.0349357073509035,,,0.03272557549581285,0.032258067752141115,56.4815035572969,0.032258067752141115,50.83333300219625,0.030902294180866707
2023-04-05,0.027714680024894744,0.02171023599975315,0.021945869064726176,0.022440393988770888,0.04780338010489981,0.00334704953969972,0.005804477845341854,0.2682931206060346,0.3660843330463759,0.3654501229722671,0.42662214528744785,0.004058208524030937,0.00334704953969972,0.035716924400485975,,,0.028206330258231483,0.03029453299946707,48.79999114989897,0.02992052903378245,56.4815035572969,0.032258067752141115
2023-04-06,0.02044525344755037,0.016836503730115318,0.021945869064726176,0.02010285527041221,0.029458241807504372,0.004283609347167955,0.004726955977634784,0.2503707242483231,0.362680606689324,0.365148214585647,0.41960443420573285,0.0030688056355070714,0.004283609347167955,0.039554878047997746,,,0.024154592764321848,0.02814399514932433,22.916655283829996,0.022440393988770888,48.79999114989897,0.03029453299946707
2023-04-10,0.017719222543152696,0.025476288399996633,0.020482812677389578,0.032725575495812856,0.04059375980633882,0.006218142647960528,0.005294341460718499,0.3570664209796621,0.3651439560435399,0.36549522718773,0.4244437040016518,0.0018817121049062302,0.006218142647960528,0.04613503967204534,,,0.025089608251665316,0.027489484308183904,52.77777593812772,0.02010285527041221,22.916655283829996,0.02814399514932433
2023-04-11,0.040436168411034465,0.0434204719995063,0.044135575047005826,0.050958388645274286,0.11151880575604071,0.008736105964385649,0.008035436388836165,0.4736111100169065,0.3744312929990525,0.3679917522953908,0.44047349980927597,0.005462556184240325,0.008736105964385649,0.046636593065020396,,,0.034595606470499786,0.03122954848681054,66.00000047683727,0.032725575495812856,52.77777593812772,0.027489484308183904
2023-04-12,0.048614261124227495,0.056712450852443114,0.052670076453471965,0.05843852369028586,0.1529183664320617,0.011284776123738821,0.011429422601921757,0.5126425379193285,0.3846364696360291,0.3724271761304717,0.4549326623456918,0.010926045087673614,0.011284776123738821,0.04425156063961784,,,0.04737416261045766,0.036933147418111226,75.92592510830386,0.050958388645274286,66.00000047683727,0.03122954848681054
2023-04-13,0.06406179124704882,0.0868409439990126,0.07168983274352494,0.09022908369875525,0.23387053391312146,0.016351410331626015,0.01838444909580067,0.6361309625163897,0.405217637704971,0.3808927334818232,0.48498701986891724,0.025567573160619944,0.016351410331626015,0.03356371675985269,,,0.06654199867810513,0.05049088536010808,87.71929628875696,0.05843852369028586,75.92592510830386,0.036933147418111226
2023-04-14,0.10449794882579937,0.09703146358441822,0.08744208597058814,0.099111741974782,0.1667301743847223,0.021970768444326605,0.025762405043154663,0.66190855046598,0.4244842530416276,0.3922683269040503,0.5066883516303801,0.038988747289290276,0.021970768444326605,0.026142018973095024,,,0.08259311645460769,0.06629266270098205,97.12643953780228,0.09022908369875525,87.71929628875696,0.05049088536010808
2023-04-17,0.08178100295791758,0.10810811438911844,0.08729577916912062,0.1112669433102471,0.13272179136593895,0.027927901097126645,0.033922861716545905,0.6938686995920372,0.44381700089194337,0.40598774945263183,0.5241672461266583,0.05335785864795875,0.027927901097126645,0.018052098519370854,,,0.10020258966126144,0.08200093626386891,100.0,0.099111741974782,97.12643953780228,0.06629266270098205
2023-04-18,0.12039980660040307,0.13314134774298514,0.130455994918574,0.14118748349029336,0.18640673331241314,0.03542037882476379,0.044961923819244964,0.7552108199505817,0.4701231997011803,0.42324832055255823,0.5505750423386945,0.07408122450989357,0.03542037882476379,0.0037073341729466636,,,0.11718872292510747,0.10004675523287272,100.0,0.1112669433102471,100.0,0.08200093626386891
2023-04-19,0.1194911296322705,0.11829863397452406,0.11801999818520498,0.11453950866221306,0.11539987447886314,0.03999570281369358,0.05169370788682029,0.5754697577580237,0.47885168348067864,0.4391421721915407,0.5403828551202496,0.0835241202094541,0.03999570281369358,0.0,,,0.12233131182091783,0.11126695222725816,77.19999748230029,0.14118748349029336,100.0,0.10004675523287272
2023-04-20,0.10268059488953425,0.10101904350772664,0.09290416780091354,0.08835905272406831,0.11548841170932891,0.04374194131145767,0.05458555389831701,0.43919824977068866,0.4738969334708136,0.45067347290990456,0.5078495247598004,0.08733188171011316,0.04374194131145767,0.0031369104673582976,,,0.11469534829219158,0.11089294603232076,61.03448329725951,0.11453950866221306,77.19999748230029,0.11126695222725816
2023-04-21,0.08768741408306314,0.08994239270302642,0.08875883555645722,0.08695651834678929,0.09130093692562873,0.04681262853269624,0.0570306196577752,0.4325379162629881,0.46823929131653924,0.458546799075185,0.480570509167541,0.09059304314055794,0.04681262853269624,0.005487857424487028,,,0.09661835991102356,0.10846190130672222,48.444440959413114,0.08835905272406831,61.03448329725951,0.11089294603232076
2023-04-24,0.08496138317866549,0.08196721172937477,0.08046817106754456,0.08087891767905674,0.07874994396377819,0.050036849968574965,0.058500240412963755,0.4028698700466118,0.46021597237499073,0.4629285420530995,0.4545323421908085,0.09270158932127073,0.050036849968574965,0.010025900513031524,,,0.08539816291663811,0.10238429618048414,41.09588921789682,0.08695651834678929,48.444440959413114,0.10846190130672222
2023-04-25,0.07723761811725481,0.07487815141150034,0.07729822137531789,0.07760636347335463,0.08387949970861165,0.053383899508274685,0.05943004565668669,0.3866620665117919,0.4515583109026802,0.4643654624236769,0.4325715929684629,0.09392634322043236,0.053383899508274685,0.016253376664253236,,,0.08181393316640022,0.08966807217709641,32.00000953674089,0.08087891767905674,41.09588921789682,0.10238429618048414
2023-04-26,0.0995002146687864,0.09459458688608191,0.09022189194379382,0.08461897962843061,0.16285022638633614,0.057421852647800614,0.06112812294152456,0.41533657922163414,0.44663712529608013,0.4643392372784576,0.42166031713536106,0.0951802991097869,0.057421852647800614,0.02411808253817578,,,0.08103475359361399,0.08368396637033992,9.93376542359006,0.07760636347335463,32.00000953674089,0.08966807217709641
2023-04-27,0.08564288548862294,0.08418255034112873,0.08778346463156614,0.09163160692977045,0.10932218586094052,0.061321625360204884,0.06352130486354476,0.44336214152032105,0.44469946441403896,0.463855314462234,0.41824707799914435,0.09723138612782442,0.061321625360204884,0.03039227201738269,,,0.08461898334385189,0.08433847721148034,27.522933572422687,0.08461897962843061,9.93376542359006,0.08368396637033992
2023-04-28,0.08405270621053292,0.08338502590565314,0.08875883555645722,0.08882656046774005,0.08151365042363384,0.06512927754382508,0.06534383472916569,0.4271142900258825,0.4411745406443337,0.46262600731244974,0.41268844150171796,0.09834288054877574,0.06512927754382508,0.03792001505405125,,,0.08835904900864704,0.08471248563567049,50.84745694220451,0.09163160692977045,27.522933572422687,0.08433847721148034
2023-05-01,0.08132666447385133,0.07399202019220574,0.07022677635618835,0.06591865873529744,0.06822410005827767,0.06709451768754568,0.06419382618796093,0.3082556967452661,0.4283645314981645,0.4585820156133264,0.39169818511953813,0.09787155309531864,0.06709451768754568,0.04344908669941587,,,0.08212560871093598,0.08172043384691864,28.571431815219626,0.08882656046774005,50.84745694220451,0.08471248563567049
2023-05-02,0.062244437310783704,0.07753655563290165,0.06681296649173102,0.08415147188475887,0.06916214641144036,0.07050298018099252,0.06538108842743662,0.3875514138173468,0.42496509953793815,0.4545346356506425,0.3916729174493677,0.09778763190691003,0.07050298018099252,0.051884716699822434,,,0.07963223036259878,0.08302945552919948,52.671753780163826,0.06591865873529744,28.571431815219626,0.08172043384691864
2023-05-03,0.0731485717606583,0.08241028790253946,0.07802974375531688,0.08321645639741541,0.08105863630250594,0.07400356320322352,0.06634103474981393,0.3828501684442176,0.42127158931418146,0.4504142843898011,0.391128740569146,0.09679493377697743,0.07400356320322352,0.061974271410916285,,,0.07776219567249058,0.08274895088299644,54.76190115769271,0.08415147188475887,52.671753780163826,0.08302945552919948
2023-05-04,0.08359835689418273,0.09073991713850202,0.09022189194379382,0.0925666224171139,0.07543820325458377,0.07860959403508139,0.0683519922034311,0.4220081355214411,0.42152457672627186,0.4471784467108751,0.3977249208985845,0.09453475292273883,0.07860959403508139,0.07675063957802185,,,0.08664485023309605,0.08293595398046513,56.48855281372155,0.08321645639741541,54.76190115769271,0.08274895088299644
2023-05-05,0.08950476801932826,0.09481612497266426,0.09704950004536986,0.10238428503422033,0.06479356255883803,0.08401400278306803,0.0713709847896182,0.4607011429484168,0.4250546076221005,0.44543316565057883,0.40884061256092086,0.09093289295693666,0.08401400278306803,0.09558245483214002,,,0.09272245461624988,0.08564749889376119,58.39415474065883,0.0925666224171139,56.48855281372155,0.08293595398046513
2023-05-08,0.09177647127194356,0.09880372602300747,0.09436722418825014,0.10425431600890726,0.10102994575693729,0.08871215341160102,0.07433094091808415,0.46800651692682427,0.42791681781291696,0.4447207752782933,0.41654330178810267,0.08782903122466701,0.08871215341160102,0.11191035006560364,,,0.09973507448674716,0.09331463034848315,62.22221358813163,0.10238428503422033,58.39415474065883,0.08564749889376119
2023-05-09,0.10086324095326914,0.10190517472702126,0.10997318224118438,0.10565685038618629,0.06514659075626486,0.09230485769472496,0.07718036280906843,0.47376413424393304,0.4300352476697612,0.4446569947019027,0.4213802508916979,0.0867304445095966,0.09230485769472496,0.12239089093395948,,,0.10409848380977128,0.09761570604876864,97.75281079473767,0.10425431600890726,62.22221358813163,0.09331463034848315
2023-05-10,0.10813265669832962,0.13159060226394345,0.11655693017052979,0.135109871676297,0.1516452234724526,0.09734078505968416,0.08335707994246108,0.5772385307169217,0.44282355205294266,0.4476613305543823,0.4442604526775385,0.09162320598654519,0.09734078505968416,0.1269630125613565,,,0.11500701269046353,0.10799438910454495,98.23009036274225,0.10565685038618629,97.75281079473767,0.09761570604876864
2023-05-11,0.11903680198048812,0.11298182553172151,0.10826626568161715,0.10331930052156378,0.08476487201326938,0.09820057666166895,0.08506125987636509,0.40291916577304854,0.43920479298667725,0.4492002113673081,0.43333195377913925,0.0922907312100133,0.09820057666166895,0.12800760354343466,,,0.11469534086134903,0.11014492472543494,62.0111654456708,0.135109871676297,98.23009036274225,0.10799438910454495
2023-05-12,0.09404815285999106,0.10013291228843202,0.10436478198205287,0.10612436927612183,0.08199444120679608,0.09866118003769839,0.08694586965178461,0.41329112420528713,0.4366807440191605,0.44982827445609064,0.426539612679427,0.09285878742762899,0.09866118003769839,0.12823616520904935,,,0.11485118049132755,0.11089294157381524,58.7878805393459,0.10331930052156378,62.0111654456708,0.11014492472543494
2023-05-15,0.10858700601467981,0.11076650804700233,0.11558155924563873,0.12108461707361733,0.08406890213834223,0.09930602447129586,0.09047888594772768,0.4665175978772407,0.43992971684064097,0.4511069640844944,0.4313916014676226,0.09436216547528539,0.09930602447129586,0.12744231324878053,,,0.11017609562376764,0.11425900178675726,61.36363451638571,0.10612436927612183,58.7878805393459,0.11089294157381524
2023-05-16,0.10858700601467981,0.10988037682770771,0.11021700753139926,0.10659186587352974,0.07057425920114763,0.09703371516618611,0.09190465163494183,0.395075800651397,0.43582410446918535,0.45114900974002986,0.4221694404797848,0.08714663623673316,0.09703371516618611,0.13325656278102221,,,0.11126695074108962,0.11444600488422593,51.23153137493482,0.12108461707361733,61.36363451638571,0.11425900178675726
2023-05-17,0.0995002146687864,0.10456358951193992,0.10582784999672806,0.11547452414955652,0.0820392701842471,0.09709512885204216,0.09427994304293244,0.42773475601208866,0.43540043351477026,0.45108142350799607,0.42135187055768497,0.08730594387415225,0.09709512885204216,0.1331555871595504,,,0.11438366903223453,0.11051893537887784,54.79452024967971,0.10659186587352974,51.23153137493482,0.11444600488422593
2023-05-18,0.10586097511028213,0.10766503821595375,0.10436478198205287,0.10285180392415587,0.07655108261980545,0.09804704171491999,0.0948867300010576,0.36763606608478117,0.42922079218763565,0.44955092494285487,0.41044233366347393,0.08795154859517373,0.09804704171491999,0.13445908282354535,,,0.1083060646490807,0.11042543605939625,31.147543546557657,0.11547452414955652,54.79452024967971,0.11051893537887784
2023-05-19,0.10358927185766682,0.09968985724230209,0.10582784999672806,0.10331930052156378,0.06119603711839333,0.09912178194950991,0.0954928480246191,0.3695550727348603,0.4238643899037546,0.44704678340778475,0.4031814789547953,0.0885504152067412,0.09912178194950991,0.13613532673127116,,,0.10721520953175873,0.10986442230848466,50.0,0.10285180392415587,31.147543546557657,0.11042543605939625
2023-05-22,0.0995002146687864,0.10677890699665912,0.10729089475672607,0.11313697428493401,0.0734332272380867,0.10124055557576175,0.09724079677407227,0.41004465996932815,0.42297293975605466,0.44483048640007994,0.4053280535785924,0.08986309473478613,0.10124055557576175,0.13923219710167328,,,0.10643602624355124,0.10827489375074799,55.72517861380834,0.10331930052156378,50.0,0.10986442230848466
2023-05-23,0.11358474017169277,0.1302614159985189,0.12192148188476926,0.11687705852683554,0.1434336755278612,0.1038199333101518,0.0992792502292798,0.4251899644161232,0.42314654103452143,0.4430989253212745,0.40894292808651567,0.09105343450491415,0.1038199333101518,0.1436436211701287,,,0.1111111111111111,0.11033193228140914,45.7944083499075,0.11313697428493401,55.72517861380834,0.10827489375074799
2023-05-24,0.10767832904654724,0.10766503821595375,0.11172884060411745,0.11500700525962095,0.07761801228313983,0.10581587956469155,0.10089507589068097,0.4144872489886058,0.42189723980847166,0.4414151954969218,0.4092996253562976,0.09213050419327509,0.10581587956469155,0.14681187554905084,,,0.1150070126904635,0.11023842850342203,61.24997988344916,0.11687705852683554,45.7944083499075,0.11033193228140914
2023-05-25,0.11358474017169277,0.10766503821595375,0.1077785918465102,0.1047218348988428,0.06474312995920563,0.10667567189878532,0.10110033684236486,0.35663175513771406,0.4161643526123334,0.43869851980836366,0.40159652465761414,0.09234913264086128,0.10667567189878532,0.14856258123920596,,,0.11220196622843309,0.11061243469835942,36.14458385062479,0.11500700525962095,61.24997988344916,0.11023842850342203
2023-05-26,0.1022262672377519,0.10319007872757108,0.11021700753139926,0.10378681941149935,0.060227731205451204,0.10765829160459114,0.101171805809121,0.3514288999430425,0.41074293013167235,0.435229902057796,0.3959889844912286,0.09232152275548569,0.10765829160459114,0.15099984826740176,,,0.1078385531899877,0.11070593847634654,51.72413509609498,0.1047218348988428,36.14458385062479,0.11061243469835942
2023-05-30,0.11267606320356023,0.1134249017048862,0.11606925633542287,0.11500700525962095,0.09475949253597526,0.11088251230836096,0.10260738808196584,0.4070778240090922,0.41051390311322805,0.43240028910480616,0.40075430518542526,0.08906432182522084,0.11088251230836096,0.16397818941053594,,,0.1078385531899877,0.11107994467128393,65.4320907709099,0.10378681941149935,51.72413509609498,0.11070593847634654
2023-05-31,0.10040889163691895,0.0992467810691374,0.10826626568161715,0.10659186587352974,0.07542363383691218,0.11235644223312422,0.10287805832782398,0.3573789606301281,0.40646188342562817,0.4291684969696985,0.39775509017704685,0.08773931949977734,0.11235644223312422,0.16965316910571082,,,0.10846189684821668,0.10902290614062275,41.02565199822226,0.11500700525962095,65.4320907709099,0.11107994467128393
2023-06-01,0.10495229814214958,0.10367743716561054,0.11265544647096554,0.10799440025080877,0.0964809252700946,0.11398390710463643,0.1032943168012107,0.3647684382958518,0.4034076822881266,0.4258533586295016,0.3971335433633139,0.08561997893091253,0.11398390710463643,0.17695167834487857,,,0.10986442379465315,0.10762038513886032,36.98629779067632,0.10659186587352974,41.02565199822226,0.10902290614062275
2023-06-02,0.11040435995094493,0.10367743716561054,0.10241404013227073,0.10004675746212548,0.08786703725288027,0.11447521732359386,0.10269986200424536,0.3172603120016646,0.39741113087158747,0.42176856191332057,0.39139388538196296,0.08483639973150542,0.11447521732359386,0.1793811647346426,,,0.10487767452882134,0.10668536965151684,31.395359152782007,0.10799440025080877,36.98629779067632,0.10762038513886032
2023-06-05,0.09313947589185849,0.08861320643760187,0.09119726286868485,0.0892940682114118,0.0895705383960192,0.11361542572160896,0.10084822237504043,0.258219833472371,0.3880499819236924,0.4162641744765033,0.3808074155088422,0.08620752203921483,0.11361542572160896,0.17512978892436898,,,0.09911174197478201,0.10378681941149934,31.034484648581937,0.10004675746212548,31.395359152782007,0.10668536965151684
2023-06-06,0.07950931053758621,0.08817013026443715,0.08071201961243663,0.09770920759750297,0.10775429237459094,0.1131855299206165,0.10020111928295172,0.3090068737629468,0.3838652096115326,0.4108608457191075,0.38156105150375247,0.08642175323018514,0.1131855299206165,0.17374550126176386,,,0.0956833444236801,0.10032725987907573,43.68931319691155,0.0892940682114118,31.034484648581937,0.10378681941149934
2023-06-07,0.09359382520820868,0.09215773131478036,0.09363570180825115,0.08882656046774005,0.07570605639485364,0.11208008284309859,0.09853033348958157,0.2607158871226275,0.37682970241062463,0.4048572710892921,0.37708477200117274,0.08743294824250494,0.11208008284309859,0.16946182918743125,,,0.09194327875888493,0.09677419879791781,21.428580117297074,0.09770920759750297,43.68931319691155,0.10032725987907573
2023-06-08,0.08768741408306314,0.08529019851997094,0.09412338727069666,0.08835905272406831,0.04424059712197965,0.10900939562185999,0.09696154849129149,0.2581867447269004,0.37102391250802996,0.39866730176355963,0.3756947503532782,0.08249021270941426,0.10900939562185999,0.16975599191080554,,,0.09163160692977046,0.09284712929256972,25.925932466902452,0.08882656046774005,21.428580117297074,0.09677419879791781
2023-06-09,0.08768741408306314,0.08152414611972744,0.08924652101890274,0.08368396414108713,0.043410140314699426,0.10771970748677381,0.09497095361187582,0.23220146378235595,0.3645562235318401,0.39217007686048333,0.3734034195734873,0.08382252229575499,0.10771970748677381,0.16451836376797807,,,0.08695652577763184,0.08957457062836205,20.454528829280576,0.08835905272406831,25.925932466902452,0.09284712929256972
2023-06-12,0.07950931053758621,0.07687195193667196,0.08680809370667508,0.08181393316640019,0.07154816873627114,0.10612294945818965,0.0929414525514412,0.22166931973068715,0.35877133710814657,0.385590181540391,0.37278691238841155,0.08481489194605848,0.10612294945818965,0.15906738284966665,,,0.08461898334385187,0.08807854361935973,23.99998474120602,0.08368396414108713,20.454528829280576,0.08957457062836205
2023-06-13,0.08178100295791758,0.08506868156042335,0.08680809370667508,0.08742403723672483,0.08742771327386023,0.1039120553031537,0.09179069860534952,0.2639774362168781,0.35659447002050065,0.37980617183734644,0.3787221576565347,0.08249613041106005,0.1039120553031537,0.15732865362606546,,,0.08430731151473737,0.0860215095472041,46.87500232830686,0.08181393316640019,23.99998474120602,0.08807854361935973
2023-06-14,0.0845070446945992,0.08196721172937477,0.08924652101890274,0.08742403723672483,0.06326265297888556,0.10265307401099558,0.09074954027317136,0.26397743621687797,0.3550138536111075,0.3748013258436357,0.38453270080477026,0.08220491921340048,0.10265307401099558,0.1547196248576142,,,0.0855540025466166,0.08574100490100105,26.086981310058178,0.08742403723672483,46.87500232830686,0.0860215095472041
2023-06-15,0.07723761811725481,0.07842268685219628,0.07998048560509902,0.08695651834678929,0.08562895055363788,0.10077995439605911,0.08975041685407201,0.2607177106233678,0.35373044772572443,0.37049081985914084,0.3897106788532408,0.0803796441520169,0.10077995439605911,0.1530275222818227,,,0.08726819760674631,0.08546049802554526,42.857118528755365,0.08742403723672483,26.086981310058178,0.08574100490100105
2023-06-16,0.08723307559899686,0.08108108051008014,0.08193123908221975,0.08742403723672483,0.1749585331958578,0.09976662784732523,0.08890357106963453,0.2648552208149366,0.3530704251283854,0.3668847235755062,0.39496375071972084,0.08008197995337923,0.09976662784732523,0.1510271028093541,,,0.08726819760674631,0.0862085126446728,46.428583592754755,0.08695651834678929,42.857118528755365,0.08546049802554526
2023-06-20,0.08905042953526197,0.10101904350772664,0.09217263379357593,0.11220195879759055,0.1310788093423589,0.10035005859506665,0.09116482668241413,0.442832618334558,0.3626795054818146,0.36629563196958026,0.41746279122719576,0.08125369621660333,0.10035005859506665,0.15060533888958305,,,0.09552750479370155,0.09228611777091086,92.95772235797902,0.08742403723672483,46.428583592754755,0.0862085126446728
2023-06-21,0.1149477447916077,0.1298183398253542,0.12533529174922659,0.12949977875223617,0.20197023355897253,0.10142480029387438,0.09532423017640773,0.5286285059945537,0.3772175521292512,0.36929776449633606,0.44424402157450504,0.08503338308393629,0.10142480029387438,0.1472781681759185,,,0.10970859159551717,0.10070126607401315,99.03844015663176,0.11220195879759055,92.95772235797902,0.09228611777091086
2023-06-22,0.1267605670418988,0.125830738775011,0.1224091557198762,0.1248246790229912,0.12558053525799076,0.101946815891542,0.09851628066621804,0.4905197191477325,0.38661817916431523,0.3739454526202304,0.4565156041513804,0.08669608729594061,0.101946815891542,0.14593446382183972,,,0.12217547219093931,0.1081813944312664,89.21563631756771,0.12949977875223617,99.03844015663176,0.10070126607401315
2023-06-23,0.11767377569600539,0.125830738775011,0.12338452664476726,0.12061712047620941,0.1690130900614157,0.1023152994708961,0.10089023275648112,0.45657933556934316,0.3920745918185643,0.37896724011287103,0.4593054164819449,0.08770186842998895,0.1023152994708961,0.1452500656077531,,,0.12498052608381227,0.11491351485715044,81.98196611450962,0.1248246790229912,89.21563631756771,0.1081813944312664
2023-06-26,0.11631077107609046,0.11311475683448483,0.10972933369629234,0.10331930052156378,0.08176917559510469,0.10222317821000318,0.10092458861285941,0.3339778276539247,0.38911612957820846,0.3822778392521962,0.44654438354035814,0.08759195635607864,0.10222317821000318,0.14519853306803254,,,0.11625370000692146,0.11809256751411823,61.90475263679461,0.12061712047620941,81.98196611450962,0.11491351485715044
2023-06-27,0.10540662579393194,0.10412051333877523,0.11119237845629035,0.11407198977227749,0.10319406464338549,0.10289872875441983,0.10226947205772374,0.3948221761082422,0.390875290325334,0.3853466143097496,0.44474100224245483,0.08873650759694918,0.10289872875441983,0.1450439198729893,,,0.11266947025668356,0.1184665737090556,66.86389096740919,0.10331930052156378,61.90475263679461,0.11809256751411823
2023-06-28,0.10358927185766682,0.10655736891007678,0.10924163660650821,0.10378681941149935,0.08163805083606043,0.10216176452414713,0.10222959481349331,0.3299204175393542,0.3878529867205229,0.38707955062889016,0.43477910522947794,0.08744771513677821,0.10216176452414713,0.14527580927099315,,,0.10705936990178021,0.11332398184090824,43.478269883496296,0.11407198977227749,66.86389096740919,0.1184665737090556
2023-06-29,0.10449794882579937,0.10655736891007678,0.10972933369629234,0.10518935378877838,0.11107499887927558,0.10206964472747185,0.10236488174822844,0.3382786351830058,0.3858176103966606,0.38797961097407996,0.4285680077081267,0.08731757684931238,0.10206964472747185,0.1452560960555156,,,0.10768272099085174,0.10939691679406569,25.00001146242687,0.10378681941149935,43.478269883496296,0.11332398184090824
2023-06-30,0.1067696520784147,0.10677890699665912,0.10485247907183701,0.10659186587352974,0.11681310799300669,0.10197752346657887,0.10265864783539491,0.34704955804109516,0.38457865390729823,0.38840364983612646,0.4250181203941298,0.08717241818276633,0.10197752346657887,0.14526000627222108,,,0.10518934635793582,0.10659186587352973,29.896909750437132,0.10518935378877838,25.00001146242687,0.10939691679406569
2023-07-03,0.10449794882579937,0.125830738775011,0.11558155924563873,0.13370733729901796,0.1289707266777245,0.10418841762161488,0.10623749528676518,0.4882722112967297,0.39431481834742793,0.39106902906437874,0.4417327141973445,0.09255525158956604,0.10418841762161488,0.1421789620721557,,,0.11516285232044203,0.11266947322902059,59.589031700525375,0.10659186587352974,29.896909750437132,0.10659186587352973
2023-07-05,0.12130848356853562,0.1431103292418084,0.13021214637368192,0.1533426848257584,0.21603420450979516,0.10839525876329939,0.11187461262760962,0.5621269664454873,0.4095316398569367,0.39683691001427035,0.4648693412053897,0.10252415097506665,0.10839525876329939,0.1367465361893867,,,0.13121396266610205,0.12052361223971678,85.4304750783071,0.13370733729901796,59.589031700525375,0.11266947322902059
2023-07-06,0.15447522540222575,0.1497563239500355,0.1502072619612874,0.15801776226247577,0.18008808894069128,0.11235644516155971,0.1175460782645914,0.5777527287213985,0.4228547415071817,0.40463434795716047,0.48000457958771164,0.11194872327374944,0.11235644516155971,0.13157187599807402,,,0.14835592812908405,0.13136980080991206,84.05798203152725,0.1533426848257584,85.4304750783071,0.12052361223971678
2023-07-07,0.15356654843409318,0.18165706897167685,0.1682516356991107,0.18653576806524302,0.18391984578831758,0.1187741811903891,0.12616182975007156,0.657940732455719,0.44412757266250913,0.415954767583569,0.5062768980200338,0.12780474440532352,0.1187741811903891,0.12226516405529957,,,0.16596540505115906,0.14763908366520498,100.0,0.15801776226247577,84.05798203152725,0.13136980080991206
2023-07-10,0.1821899054271205,0.1887461187260339,0.18629603269161124,0.2019635347526741,0.16442372349486709,0.12623595061088042,0.1358420496641506,0.6920160016797318,0.466123910804327,0.43026643163700257,0.528583833779414,0.14481414072328702,0.12623595061088042,0.11368764879313047,,,0.18217235502679763,0.16671341744103385,100.0,0.18653576806524302,100.0,0.14763908366520498
2023-07-11,0.1958200816136767,0.19494905838813106,0.20531577735432563,0.20617111559198348,0.13157304881875645,0.13428115151122208,0.1451144401868964,0.7007709929127911,0.4839257321910757,0.44596894429809775,0.5389559619351136,0.15933487676032404,0.13428115151122208,0.11044612980454281,,,0.1982234728033002,0.18120617309962697,100.0,0.2019635347526741,100.0,0.16671341744103385
2023-07-12,0.20945023613566505,0.20824102667755048,0.21311874475345413,0.2155212704654182,0.1416382749809477,0.14306331664183644,0.15464617912657813,0.7198308193640318,0.5003057795705675,0.46244444797533496,0.5447204727801226,0.17337323401188948,0.14306331664183644,0.10975876706429298,,,0.20788530693669194,0.1936418902275589,100.0,0.20617111559198348,100.0,0.18120617309962697
2023-07-13,0.21308494400819528,0.23921133708798767,0.2301877475663864,0.255259462116307,0.2161059308737168,0.1540870827704148,0.16812547871266198,0.7830725493562883,0.5276017172017816,0.48214635072364953,0.5687810531066265,0.1957713258468719,0.1540870827704148,0.10138251321669335,,,0.2256506160579029,0.21309023019832515,100.0,0.2155212704654182,100.0,0.1936418902275589
2023-07-14,0.24852338909450072,0.23792645421447264,0.23262618650595265,0.22861150958075438,0.17839131214417,0.16336055811998648,0.1770650994175515,0.6228880913500624,0.5364506205017591,0.5000220381119509,0.5551622166282172,0.20733497854870103,0.16336055811998648,0.10578477062306128,,,0.2331307473874932,0.22150537850142743,78.4905744575032,0.255259462116307,100.0,0.21309023019832515
2023-07-17,0.22716946951110167,0.24142667569974166,0.23408925452062787,0.22533894422878842,0.18792643564800288,0.17244979241199013,0.18475347468244935,0.6050039628029891,0.5401431611693037,0.5152048036685363,0.535079994740098,0.2160576484078075,0.17244979241199013,0.11420703919470813,,,0.2364033053086166,0.22618046039665032,69.66824783784824,0.22861150958075438,78.4905744575032,0.22150537850142743
2023-07-18,0.2158109965771608,0.21448826973155713,0.22140940924236682,0.21084619302870083,0.13596853005782938,0.18055640626607897,0.18993885086538448,0.5279511528676624,0.5352430399099648,0.5261802873307719,0.5037045691510236,0.22044543129165345,0.18055640626607897,0.12705422995712246,,,0.22159888227941452,0.22711547588399378,54.545456619561676,0.22533894422878842,69.66824783784824,0.22618046039665032
2023-07-19,0.20945023613566505,0.21798849121682615,0.22433552201704002,0.23188405264019268,0.16495382615322546,0.1884173653767435,0.19720085782386032,0.5803467587123945,0.537950498968735,0.535607535854637,0.4921587451254052,0.22878115532074983,0.1884173653767435,0.133092865533808,,,0.22268972996589398,0.23038803231894867,61.22448701552602,0.21084619302870083,54.545456619561676,0.22711547588399378
2023-07-20,0.22853247413101663,0.2219760711401346,0.2209217121525827,0.20991117754135735,0.11577980006276058,0.193698946753018,0.20108652562284607,0.4760045161540747,0.5292964467689159,0.5410817229833274,0.4626791459999181,0.2331830023347185,0.193698946753018,0.13903565071443852,,,0.21754714107008363,0.2213183754039587,47.79411919389254,0.23188405264019268,61.22448701552602,0.23038803231894867
2023-07-21,0.20899590848388266,0.20066459735811923,0.2048280802645415,0.20617111559198348,0.10299121352041961,0.19904194327936633,0.20414515653047804,0.4593398654809656,0.519169433504565,0.5430415435997017,0.4364710744304835,0.23629043249097564,0.19904194327936633,0.1471641669534512,,,0.21598878192451118,0.21683029660620456,23.076921195908,0.20991117754135735,47.79411919389254,0.2213183754039587
2023-07-24,0.18855064420404838,0.18626495976282284,0.19556204485073778,0.1916783643918959,0.10202626978078631,0.20370938779708028,0.2051417163901726,0.3964191664869887,0.5036810432406326,0.540908939772504,0.40595218793023585,0.23707576787843682,0.20370938779708028,0.15729956432009062,,,0.20258688584174558,0.21009818063882607,26.62721426019965,0.20617111559198348,23.076921195908,0.21683029660620456
2023-07-25,0.18991367048853114,0.1967213208267203,0.2038527093396504,0.1930808764766473,0.09738871206347784,0.20960510749613312,0.20621472940944519,0.4012128718596768,0.4905588030906,0.5360677130217542,0.38575287656464846,0.2356071627284413,0.20960510749613312,0.1739726989133772,,,0.1969767854868422,0.20654511732841532,29.090896480333058,0.1916783643918959,26.62721426019965,0.21009818063882607
2023-07-26,0.18537028564786834,0.1878156841148297,0.20048768778791323,0.19728845731595673,0.08423364863047475,0.21507093139419362,0.2076996470273661,0.41619300697693085,0.4805676085246309,0.5298076521110366,0.3751720486745358,0.23449278244980615,0.21507093139419362,0.1890413363161964,,,0.19401589939483332,0.19962599826356814,39.860136595567894,0.1930808764766473,29.090896480333058,0.20654511732841532
2023-07-27,0.1958200816136767,0.18830306367990393,0.18775907745160922,0.1795231407639032,0.0980981306316403,0.2200454443411878,0.20687251806160561,0.33694058065381516,0.4643099114837994,0.5209153415725631,0.35554228427998963,0.2297204861751594,0.2200454443411878,0.20866694062896457,,,0.1899641581855024,0.19354839090807732,8.823523224429806,0.19728845731595673,39.860136595567894,0.19962599826356814
2023-07-28,0.17673784361832512,0.17678333670203902,0.19127041743215248,0.18466573709055611,0.0962511767606581,0.22526561203160625,0.20675250292069258,0.3574009390901052,0.4525371864114764,0.5109887733400793,0.3478294007287513,0.22342919026489672,0.22526561203160625,0.2312803843526402,,,0.18715911172347202,0.18924731520779184,23.000001907348718,0.1795231407639032,8.823523224429806,0.19354839090807732
2023-07-31,0.18491593633151815,0.18121399279851216,0.19507437101563083,0.1870032869551786,0.1350943649975344,0.23054719487209854,0.2069295274622442,0.3669630327425035,0.4432848162656271,0.500836957939832,0.3461496402732416,0.21456985743182388,0.23054719487209854,0.258082958662661,,,0.1837307216032126,0.18831229972044836,28.865993064725032,0.18466573709055611,23.000001907348718,0.18924731520779184
2023-08-01,0.1758291666501926,0.1661497620705035,0.18093148097737174,0.17905564416649528,0.08765073743667907,0.23352576229666186,0.206118622917428,0.32941374515262534,0.4319777092559095,0.490014030507385,0.34114488277018684,0.20929839439391412,0.23352576229666186,0.2736312712724932,,,0.18357488940407665,0.185507253258418,33.73494875726536,0.1870032869551786,28.865993064725032,0.18831229972044836
2023-08-02,0.16855972924056428,0.17058041816697664,0.17702999727780747,0.16830295491578157,0.07783991572152239,0.23450838273457655,0.20407114780207236,0.2811632288008683,0.41806194748276837,0.47803095801224094,0.33249320551127354,0.20748362633462503,0.23450838273457655,0.2788797331080653,,,0.17812062867915182,0.17971015277838295,24.27187477431268,0.17905564416649528,33.73494875726536,0.185507253258418
2023-08-03,0.15992730887558892,0.15950376736227637,0.17166544556356803,0.1631603585891287,0.10275922356211055,0.23484615873889383,0.20159033067911836,0.25885607160468405,0.4045163002737998,0.4652081966201389,0.32623130123054084,0.2068088528552972,0.23484615873889383,0.28076403179444026,,,0.1701729858904685,0.17643759634342807,15.238116430844372,0.16830295491578157,24.27187477431268,0.17971015277838295
2023-08-04,0.15992730887558892,0.15064245516933011,0.15996097121019806,0.15381020371569398,0.09769242838570853,0.23269667826971394,0.19820334862496258,0.21938777158056622,0.38972348852965094,0.45141571364377425,0.31899968990209365,0.20943052526549116,0.23269667826971394,0.2714036334155528,,,0.16175783907353475,0.17026648966845565,18.39083420707769,0.1631603585891287,15.238116430844372,0.17643759634342807
2023-08-07,0.14993184056156295,0.14089499063005445,0.14386733932215687,0.14446002654973167,0.11346550410185144,0.22891973292902182,0.19399650033784843,0.1821535222202032,0.3741221236634365,0.436654275239192,0.31177379211330986,0.21212737815028587,0.22891973292902182,0.2579601818665034,,,0.15381019628485146,0.16175783758736623,5.208350407571331,0.15381020371569398,18.39083420707769,0.17026648966845565
2023-08-08,0.15038618987791313,0.14355338428793832,0.1506949590510715,0.15240766933841499,0.1436690276594791,0.2253884423317539,0.19116137387477472,0.22760997207748468,0.36501907412313,0.4226702391308231,0.31757119968192904,0.21251263016260863,0.2253884423317539,0.24875132846536135,,,0.15022596653461354,0.15642824262175017,15.74074196717332,0.14446002654973167,5.208350407571331,0.16175783758736623
2023-08-09,0.15538390237035826,0.1466548541189869,0.1502072619612874,0.14212249897763685,0.0809644954498588,0.22056746433150873,0.18733958290431463,0.18538305003687638,0.35378114953759215,0.40879806408105795,0.3184053934461387,0.21212462819626088,0.22056746433150873,0.23761689220035426,,,0.14633006495526116,0.15119215143412124,15.044253015678265,0.15240766933841499,15.74074196717332,0.15642824262175017
2023-08-10,0.14084507088023734,0.1826318069747905,0.1531333747359606,0.17999065965383876,0.22568140045725557,0.2156236589595514,0.1885086306878782,0.36608360967644227,0.3603570885594736,0.39927143640376384,0.350811921378547,0.20041435846289818,0.2156236589595514,0.24399311078055913,,,0.15817360932329685,0.15455821164706324,57.309941357396426,0.14212249897763685,15.044253015678265,0.15119215143412124
2023-08-11,0.17991820217450516,0.20469650180037194,0.1945866739258467,0.21084619302870083,0.17970255973461247,0.21445679746406845,0.1933363729655344,0.4693696586984759,0.3779956290971315,0.3958643048926591,0.396447512581208,0.1971612599988113,0.21445679746406845,0.24626753968707515,,,0.17765311722005883,0.16596540950966462,72.56637373530006,0.17999065965383876,57.309941357396426,0.15455821164706324
2023-08-14,0.20945023613566505,0.20115197692319345,0.19995122564008613,0.2122487274059799,0.15445039673645045,0.21359700586208366,0.19787569661054788,0.47356837753382663,0.3922598583848719,0.3965465855092502,0.4269439350072622,0.19470222827830852,0.21359700586208366,0.24804098162458976,,,0.2010285266961732,0.17952314968091426,79.90430403682554,0.21084619302870083,72.56637373530006,0.16596540950966462
2023-08-15,0.2017264710742544,0.20868410285071518,0.20921726105388985,0.19869099169323573,0.13616353610974136,0.21279862794595486,0.20032617417454557,0.41014918658928823,0.3977035703235497,0.3983930125623072,0.43562545215047377,0.1930550892031555,0.21279862794595486,0.24868693420025506,,,0.2072619707093055,0.18877981415187844,76.60551411908372,0.2122487274059799,79.90430403682554,0.17952314968091426
2023-08-16,0.18718763958413348,0.18785998750673924,0.19556204485073778,0.19682093842602116,0.14181534944187923,0.21049561253002594,0.20231478355342347,0.4015429481764726,0.4008732215601832,0.4006274419816277,0.43851894483215803,0.18642965715370152,0.21049561253002594,0.25349815753375543,,,0.20258688584174558,0.19971950204155528,73.17072489941062,0.19869099169323573,76.60551411908372,0.18877981415187844
2023-08-17,0.18491593633151815,0.17634028165590906,0.16873933278889483,0.16129032761444173,0.13839153628905726,0.2073020979370753,0.1997727525703299,0.2598295569094766,0.3886929906109216,0.3995049050922152,0.41348467109686826,0.18297065288739617,0.2073020979370753,0.25115918723148967,,,0.18560075257789954,0.19597943563367587,57.91505450303629,0.19682093842602116,73.17072489941062,0.19971950204155528
2023-08-18,0.13857336762762207,0.14754098533828153,0.14874421720128936,0.14913510398644902,0.13824808356121399,0.20355585870720225,0.1959876538551129,0.22006512460116534,0.3740225889863944,0.39510184773923124,0.38902048536297423,0.18035797001431875,0.20355585870720225,0.24614242083570548,,,0.16908212334230396,0.18363721782522552,33.82352494313602,0.16129032761444173,57.91505450303629,0.19597943563367587
2023-08-21,0.14516128106272502,0.13934426627804752,0.13850281086259458,0.1379149181383274,0.14640919890617296,0.20002456810993438,0.19119212085747006,0.1852915194618845,0.3579442833369652,0.3877379999384101,0.3669406574090369,0.18040219789751388,0.20002456810993438,0.23746999709521371,,,0.14944678324640606,0.16877045597169502,1.851864388719946,0.14913510398644902,33.82352494313602,0.18363721782522552
2023-08-22,0.13493865975509184,0.13114754721781352,0.13118751729857298,0.12529219791292673,0.0943123234859013,0.19557207222482556,0.18531101906764125,0.1483711728345084,0.3403823059972445,0.3776510434183344,0.34663331952738125,0.1809618924623938,0.19557207222482556,0.22574252590878252,,,0.13744740667923439,0.1540906972156332,0.0,0.1379149181383274,1.851864388719946,0.16877045597169502
2023-08-23,0.11767377569600539,0.1271599461674703,0.12826140452389978,0.13370733729901796,0.1424564038194289,0.19139593719396017,0.18101821211594044,0.18786698388248302,0.3303156046137276,0.36717635872948184,0.34374187164874415,0.17879928970913517,0.19139593719396017,0.21897048238055566,,,0.13230481778342404,0.14146797699023256,10.285704476492782,0.12529219791292673,0.0,0.1540906972156332
2023-08-24,0.13221262885069412,0.12361542129029182,0.12582296558433353,0.11968210498886596,0.07827811897610616,0.18746545837073672,0.1754205940786055,0.14578545520002628,0.3172145978000015,0.35566654032263695,0.3360224552276038,0.17970693258281972,0.18746545837073672,0.2079674164522926,,,0.1262272134002702,0.13314633246511742,8.955218569421604,0.13370733729901796,10.285704476492782,0.14146797699023256
2023-08-25,0.11585642175974027,0.11431103292418082,0.12143378479498512,0.11921458609893039,0.08517617788138253,0.18316649596815923,0.17029895949769752,0.14439472122140218,0.30733600576662057,0.3440985088959672,0.3355883368781101,0.17912905211157504,0.18316649596815923,0.198403381414815,,,0.12420134279560475,0.1271622288876137,14.2857034730782,0.11968210498886596,8.955218569421604,0.13314633246511742
2023-08-28,0.11812812501235558,0.11386795675101613,0.1224091557198762,0.11734455512424345,0.07048235979737302,0.1785911712471205,0.16543661299305562,0.1384904562531762,0.2995308416515692,0.332979286986925,0.3389352934114728,0.1775110034465926,0.1785911712471205,0.18980225912056303,,,0.11874708207067992,0.1230481562847969,17.307684372158775,0.11921458609893039,14.2857034730782,0.1271622288876137
2023-08-29,0.11313039085534259,0.1453256467265276,0.12138501973694216,0.1514726538510715,0.22349262563320932,0.17677946531804004,0.16520723247805197,0.2996837617086314,0.3079109370201142,0.3260860678417551,0.3704503281979852,0.17536919100079507,0.17677946531804004,0.18875768333641885,,,0.12934393169141511,0.12828424747242587,59.47712459040303,0.11734455512424345,17.307684372158775,0.1230481562847969
2023-08-30,0.14175374784836992,0.14089499063005445,0.1492318910363963,0.1533426848257584,0.107286950284664,0.17579684488012534,0.16522818437210712,0.3073315124958015,0.3159080258787512,0.32248214363235106,0.39497994876756,0.1743819676032634,0.17579684488012534,0.18791674342656006,,,0.14071996460035777,0.13221131697777394,73.07692448768421,0.1514726538510715,59.47712459040303,0.12828424747242587
2023-08-31,0.1467514820053829,0.1453256467265276,0.1399658556225926,0.13651238376104835,0.1396758864930291,0.17404655263690103,0.1631907583123784,0.24348214325636053,0.31599606713752754,0.31962003893525504,0.40051200093173833,0.17355431344299094,0.17404655263690103,0.1849546163350832,,,0.14710924081262608,0.1355773727322104,52.02702506778014,0.1533426848257584,73.07692448768421,0.13221131697777394
2023-09-01,0.12994092559807885,0.12450155250958644,0.12582296558433353,0.11968210498886596,0.10368382122203793,0.17180495090682815,0.1592909930182398,0.18711301379654344,0.3098865667742252,0.3158706835599352,0.39389540895323183,0.17383611559693712,0.17180495090682815,0.1790504011727636,,,0.1365123911918909,0.13567087651019755,50.0,0.13651238376104835,52.02702506778014,0.1355773727322104
2023-09-05,0.1149477447916077,0.11076650804700233,0.12143378479498512,0.11781207401417902,0.09672748464607522,0.17005466012782153,0.15553414729686538,0.18106588767347043,0.3050053284860717,0.3117049819645682,0.39079054453615464,0.17436928692300824,0.17005466012782153,0.17394770432381734,,,0.12466885425469777,0.13576438028818466,49.044594305652076,0.11968210498886596,50.0,0.13567087651019755
2023-09-06,0.11267606320356023,0.11519716414347547,0.12338452664476726,0.12014960158627384,0.10781032859640473,0.16793588576946075,0.15242070335136676,0.1930771806904611,0.3028335371199983,0.3078535399242204,0.39313410684829775,0.1742627138300527,0.16793588576946075,0.1689536313256395,,,0.11921459352977294,0.12949976983522513,51.89873303115528,0.11781207401417902,49.044594305652076,0.13576438028818466
2023-09-07,0.11222171388721004,0.10633585195052919,0.11314314356074964,0.11687705852683554,0.10215739453983055,0.1662777147871293,0.1492039276087367,0.1811166699485819,0.3005539423060898,0.304227749308274,0.39481688201125564,0.17457667310460467,0.1662777147871293,0.16442017444932178,,,0.11827957804242946,0.12220664457544055,9.782582780564425,0.12014960158627384,51.89873303115528,0.12949976983522513
2023-09-08,0.11449341713982535,0.10722198316982381,0.11411851448564073,0.11173446220018264,0.07726498408571301,0.16179451132698366,0.1456651718230107,0.16201304781096426,0.297464072688277,0.3005888903296932,0.39471942587456166,0.17138828599761646,0.16179451132698366,0.15851361237839168,,,0.11625370743776402,0.1172510602632674,5.050479751505009,0.11687705852683554,9.782582780564425,0.12220664457544055
2023-09-11,0.10722397973019705,0.10146211968089136,0.10680322092161912,0.10191678843681241,0.09022504146680414,0.15463981033577265,0.1412638841458848,0.12668938891093462,0.291895127723844,0.29634728012179923,0.39022446289871754,0.1610657311352578,0.15463981033577265,0.1573208248503894,,,0.11017610305461019,0.11369799695285669,5.952352569189657,0.11173446220018264,5.050479751505009,0.1172510602632674
2023-09-12,0.10540662579393194,0.11205139092051736,0.11411851448564073,0.10799440025080877,0.09464629936791143,0.14779217777384193,0.13802434968421812,0.1644025487918055,0.29083751326936014,0.2927013084773239,0.39466638380960944,0.1472571363175582,0.14779217777384193,0.16235963837716832,,,0.10721521696260128,0.11173446220018264,29.50818518802241,0.10191678843681241,5.952352569189657,0.11369799695285669
2023-09-13,0.10767832904654724,0.10686751378047815,0.11314314356074964,0.10752688136087322,0.09552606805038778,0.14180433681389612,0.13503621929081955,0.16253407313697787,0.2906952210562479,0.2897505349439614,0.3998507610756485,0.1347625658720421,0.14180433681389612,0.16742610217909298,,,0.10581269001616482,0.1092099181551025,31.03445724414391,0.10799440025080877,29.50818518802241,0.11173446220018264
2023-09-14,0.11176736457085985,0.11652637153593479,0.1209461109598782,0.12248715145089635,0.11193011162415387,0.13692194512779485,0.13416056863398862,0.2541555694221048,0.2974739042622294,0.289009467781463,0.41632944720929166,0.11875967978891439,0.13692194512779485,0.18070420467094783,,,0.11266947768752611,0.11033193673991468,52.9411863703172,0.10752688136087322,31.03445724414391,0.1092099181551025
2023-09-15,0.11631077107609046,0.10855116943524837,0.11753230109542087,0.11266947768752612,0.17503586318196082,0.13372843053484415,0.13216875702586317,0.21009539206400074,0.2996366194124621,0.28893332634119645,0.4212880708632389,0.11254954969435393,0.13372843053484415,0.18269274485373826,,,0.11422783683309856,0.11051893983738337,45.454541075878716,0.12248715145089635,52.9411863703172,0.11033193673991468
2023-09-18,0.1194911296322705,0.11918476519381868,0.12192148188476926,0.11687705852683554,0.14252140583673287,0.13160965764070118,0.1308807380761382,0.23542161841444798,0.303796568556708,0.2898663012871275,0.4288134653770647,0.10862586320343803,0.13160965764070118,0.1837029803085578,,,0.117344562555086,0.11351099385538801,55.67010562672332,0.11266947768752612,45.454541075878716,0.11051893983738337
2023-09-19,0.11358474017169277,0.11120956309313226,0.11460618832074768,0.11033192782290362,0.12488232393419108,0.12979795171162076,0.1289156816140017,0.20508327818839844,0.30515113114530007,0.2909363110740243,0.4298353903547104,0.10673518849957248,0.12979795171162076,0.18226336580962943,,,0.1132928213457551,0.11397849936980697,59.999978807262124,0.11687705852683554,55.67010562672332,0.11351099385538801
2023-09-20,0.10767832904654724,0.10412051333877523,0.10972933369629234,0.10285180392415587,0.1302158515264267,0.12832402178685756,0.12622382680345362,0.1717391226106808,0.3039164222856745,0.29149732432603526,0.42603959456388074,0.10670099628934776,0.12832402178685756,0.1787263939597979,,,0.11002026342463167,0.1130434838824635,44.08601930009593,0.11033192782290362,59.999978807262124,0.11397849936980697
2023-09-21,0.09109494729741828,0.08728399904514253,0.0960741291204788,0.09583917662281603,0.08373716770520465,0.12583676531336044,0.12293151283436227,0.1418434320188634,0.30085509390969917,0.291214727467627,0.4197484481871194,0.1059584571894405,0.12583676531336044,0.1738350049516323,,,0.10300763612329183,0.10771388891684744,38.317764089638175,0.10285180392415587,44.08601930009593,0.1130434838824635
2023-09-22,0.09268514824007613,0.08772707521830722,0.09461107273314223,0.08976157595508351,0.06976397543372036,0.12387152516963987,0.11921017097800601,0.11682379050804442,0.29677343616091323,0.29001346713213205,0.41289759809185006,0.10702207679696157,0.12387152516963987,0.16737425999616168,,,0.09615085216735181,0.1031323085703589,10.22728596590234,0.09583917662281603,38.317764089638175,0.10771388891684744
2023-09-25,0.08087232598978504,0.0797518836811382,0.08778346463156614,0.08695651834678929,0.08491392836329403,0.12175275081127915,0.11550051130130334,0.10529408717170002,0.29325450498902617,0.28821172170838766,0.4084195346587765,0.10796620544185606,0.12175275081127915,0.1607274371526244,,,0.09085242364156294,0.09714820053434967,12.328779650432836,0.08976157595508351,10.22728596590234,0.1031323085703589
2023-09-26,0.08041798750571875,0.07930881807149087,0.08485735185689294,0.07947639444804154,0.06910386874075403,0.11926549433778202,0.11123020596329053,0.07508323429051827,0.28833710587439565,0.28559546859004503,0.4023454169254447,0.10945894227332484,0.11926549433778202,0.15231996758911764,,,0.08539816291663811,0.09097709385937724,0.0,0.08695651834678929,12.328779650432836,0.09714820053434967
2023-09-27,0.08087232598978504,0.07797962124254895,0.08241892454466529,0.0790088867043698,0.08904379791096965,0.11450592929128403,0.10730947471032387,0.07319018499392588,0.2851992650027733,0.2827527783977485,0.4006567828517473,0.10416729683288928,0.11450592929128403,0.14904855679942114,,,0.08181393316640022,0.08620851041542003,0.0,0.07947639444804154,0.0,0.09097709385937724
2023-09-28,0.07678327963318853,0.08440406730067629,0.08339429546955637,0.08648901060311755,0.12754740664365447,0.11011484635992239,0.10467609301673103,0.13786184583448957,0.28668650043376565,0.28083395404786915,0.40754642911766054,0.09576767928120289,0.11011484635992239,0.1515636624683157,,,0.08165809725184296,0.08433847721148033,23.880580019166032,0.0790088867043698,0.0,0.08620851041542003
2023-09-29,0.08496138317866549,0.08174567364279242,0.08934406276232729,0.08415147188475887,0.09646747657685929,0.10667567702354744,0.1020079012725143,0.12644426927532948,0.28783356320939224,0.2795729488895424,0.4124520564594696,0.09111934623147336,0.10667567702354744,0.15049704307795486,,,0.0832164563974154,0.0832164563974154,28.070163697447512,0.08648901060311755,23.880580019166032,0.08433847721148033
2023-10-02,0.09709221962000673,0.0965883874112535,0.09022189194379382,0.08648901060311755,0.15278724167301744,0.1044954882472218,0.09987943133490335,0.14750880745358896,0.29058049385605295,0.27922043684277825,0.41922706197034343,0.08933953525876481,0.1044954882472218,0.14798535044228006,,,0.08570983103033132,0.08312295484868107,42.857122004196185,0.08415147188475887,28.070163697447512,0.0832164563974154
2023-10-03,0.08087232598978504,0.07487815141150034,0.07071446181863389,0.06825619745365609,0.12195387098220291,0.10124055923630618,0.09572592666221338,0.06206676342737161,0.28627996356611857,0.27791095169480995,0.4120905213054792,0.08939957001619386,0.10124055923630618,0.13996132864229954,,,0.0796322266471775,0.08087891544980397,25.609748651407685,0.08648901060311755,42.857122004196185,0.08312295484868107
2023-10-04,0.0704225300239767,0.06778910165714333,0.07217751820597049,0.07573633249866767,0.09798157529026763,0.09832340696181666,0.0928819418079016,0.12703116757037664,0.28684394882199504,0.27699810999133323,0.4150484540493607,0.08723940150522416,0.09832340696181666,0.13625256250427092,,,0.0768271801851471,0.08022440460866355,45.1219540561412,0.06825619745365609,25.609748651407685,0.08087891544980397
2023-10-05,0.07655610497501343,0.07177669214396917,0.07510363098064368,0.07106124391568651,0.11077352400591743,0.09531413269432526,0.08973759467779963,0.10534816015578258,0.28632614025413466,0.27614412267079214,0.4154873553064572,0.08552076127652722,0.09531413269432526,0.13162484845586842,,,0.07168459128933675,0.07713885127117734,40.659334901132276,0.07573633249866767,45.1219540561412,0.08022440460866355
2023-10-06,0.06451612973111508,0.07310588897291109,0.06925140543129729,0.08134642542272848,0.09486820280629399,0.09331818570767667,0.08814938709251238,0.19075036217561336,0.29098094425432736,0.2765730508077692,0.42505458172132854,0.08349900486128459,0.09331818570767667,0.1299425809289192,,,0.07604800061236089,0.07657784197877125,44.329902481888176,0.07106124391568651,40.659334901132276,0.07713885127117734
2023-10-09,0.07223988396024182,0.07310588897291109,0.07900511468020796,0.0790088867043698,0.09977585511274488,0.09181354893998542,0.08642682906533417,0.17818198124716633,0.29456078076570263,0.2777714818746352,0.43079308047743253,0.08267962421364966,0.09181354893998542,0.12756590016695457,,,0.07713885201426159,0.07508181719902171,44.329902481888176,0.08134642542272848,44.329902481888176,0.07657784197877125
2023-10-10,0.07405724872879087,0.07576428263079499,0.08241892454466529,0.08134642542272848,0.07159187698928587,0.09006325669676102,0.08515393249075792,0.19790294036823708,0.2991370672730634,0.27982358545335556,0.4371592663061253,0.08078291139544011,0.09006325669676102,0.1262853982864543,,,0.08056724584994225,0.0776998627928362,44.329902481888176,0.0790088867043698,44.329902481888176,0.07508181719902171
2023-10-11,0.0799636490216525,0.076650424413607,0.0809558565299901,0.08087891767905674,0.10091226969112835,0.08831296518564552,0.08394514249994811,0.19503548016723682,0.3033142226990278,0.28246326731055216,0.44154107836840834,0.07872234467149647,0.08831296518564552,0.12526263976126106,,,0.08041140993538501,0.07872837982891401,72.88134839815083,0.08134642542272848,44.329902481888176,0.0776998627928362
2023-10-12,0.07950931053758621,0.07221975775361647,0.07681053591287235,0.07293127489037345,0.07302304209440984,0.08505803617472987,0.08188040575918595,0.14730224719127138,0.3041239302377863,0.28476846676842416,0.43904670601723395,0.07289728483931981,0.08505803617472987,0.12649584941194825,,,0.07838553933071955,0.07910238602385139,44.99998609225289,0.08087891767905674,72.88134839815083,0.07872837982891401
2023-10-13,0.0731485717606583,0.06690297043784874,0.07412826005575263,0.07059373617201477,0.06920361321558256,0.08229441738277163,0.07972670230562562,0.13385054620956943,0.3045414491684543,0.28671237925995036,0.436352441022985,0.068920222541722,0.08229441738277163,0.12601908523884098,,,0.07480130958048166,0.07695184817370865,49.09090987906974,0.07293127489037345,44.99998609225289,0.07910238602385139
2023-10-16,0.08223534144198387,0.0883916683510195,0.08388198093200189,0.09069659144242696,0.24776079257632136,0.08057483198247531,0.0802343476320117,0.3046876807315281,0.31366834160964413,0.2904480911439113,0.4497146235245624,0.0630844063675397,0.08057483198247531,0.13100958532888618,,,0.07807386750160505,0.07928938912132008,63.15789803903851,0.07059373617201477,49.09090987906974,0.07695184817370865
2023-10-17,0.08677873711493057,0.09477182158075473,0.09119726286868485,0.10098177294946893,0.16227529475052674,0.07996069512391471,0.08195032369783267,0.37284368759832676,0.32556794325105254,0.29627969359065653,0.4653445385259307,0.06046879250838094,0.07996069512391471,0.13362778912608697,,,0.08742403352130357,0.08321645862666817,75.2688169286408,0.09069659144242696,63.15789803903851,0.07928938912132008
2023-10-18,0.09450250217634125,0.09215773131478036,0.09778102242536885,0.09303413016078564,0.14293495315371857,0.07931585069031716,0.08253180386545078,0.31759175973530185,0.332174396735791,0.30252337837504595,0.46841760542422634,0.058294785281365835,0.07931585069031716,0.13547653823989658,,,0.09490416485089385,0.08564750112301396,61.904759742235505,0.10098177294946893,75.2688169286408,0.08321645862666817
2023-10-19,0.09313947589185849,0.0868409439990126,0.09266031925602147,0.08695651834678929,0.11250616398439953,0.07873241994257571,0.08231532200899144,0.27798198630321913,0.3353102923419009,0.3082675491405943,0.46469252464228616,0.056871250472535384,0.07873241994257571,0.13629441177604762,,,0.09365747381901461,0.08845254981429711,55.555548763005284,0.09303413016078564,61.904759742235505,0.08564750112301396
2023-10-20,0.09359382520820868,0.10013291228843202,0.09314800471846701,0.0892940682114118,0.21450217420540638,0.07870171309964766,0.08240506714123924,0.29505683684990625,0.3390743844833663,0.3137621963575617,0.4628317252644898,0.0568044169871936,0.07870171309964766,0.13632473325105976,,,0.08976157223966225,0.09219261622217653,66.66666666666669,0.08695651834678929,55.555548763005284,0.08845254981429711
2023-10-23,0.09404815285999106,0.1032343821194806,0.09656181458292434,0.10495559434381059,0.2670932891020756,0.0798839283826491,0.08439984281881519,0.39781103000087137,0.34864421202125045,0.3204443213350201,0.4716872336541224,0.0605073622480074,0.0798839283826491,0.13338010160447655,,,0.09373539363400389,0.09504441680245325,77.52808426905895,0.0892940682114118,66.66666666666669,0.09219261622217653
2023-10-24,0.12630621772554862,0.13114754721781352,0.12826140452389978,0.12575969451033464,0.3561258797686825,0.08292390802885072,0.08874655447506838,0.5017131515309674,0.36472103283693375,0.32963106848142343,0.4903652277756983,0.07050935822354623,0.08292390802885072,0.12505293228190228,,,0.106669785688519,0.1000000011146264,77.77776600402206,0.10495559434381059,77.52808426905895,0.09504441680245325
2023-10-25,0.1281235716618137,0.12361542129029182,0.1238722237345514,0.12201963256096078,0.22152575424754561,0.08574893977455614,0.09222232030118035,0.47386631482836605,0.37584556297711547,0.33963832035021707,0.4964840678033692,0.07700171802496295,0.08574893977455614,0.12172275593306532,,,0.11757830713836868,0.10579710159466142,68.59503285447326,0.12575969451033464,77.77776600402206,0.1000000011146264
2023-10-26,0.11267606320356023,0.11063357674423901,0.10875396277140126,0.1098644312254957,0.18123683148787378,0.08728428411728428,0.09388189761330593,0.38913869774054477,0.37958029569953744,0.34853641794644347,0.48821264976682766,0.07970893812560628,0.08728428411728428,0.1212046815286436,,,0.11921458609893038,0.11037868417040268,63.84616202856843,0.12201963256096078,68.59503285447326,0.10579710159466142
2023-10-27,0.10995001063459474,0.10988037682770771,0.10582784999672806,0.10004675746212548,0.15679271080826648,0.08832831824105511,0.09418386369137918,0.3283089135480046,0.37842246398729695,0.3553782688055073,0.4728783750225417,0.08081211158978494,0.08832831824105511,0.12201284711127754,,,0.11064360708286065,0.11252922202054542,60.14493780210492,0.1098644312254957,63.84616202856843,0.11037868417040268
2023-10-30,0.10495229814214958,0.10234825090018598,0.099000241895152,0.09724171100009509,0.17399695162953335,0.08903457709261761,0.0941143411267624,0.3115316784661375,0.37626381093953526,0.36033600771376073,0.45882777993559765,0.08149631403055094,0.08903457709261761,0.12265717174223371,,,0.10238429989590543,0.11098644535180233,56.11511334321313,0.10004675746212548,60.14493780210492,0.11252922202054542
2023-10-31,0.09313947589185849,0.08994239270302642,0.09656181458292434,0.09770920759750297,0.15210920338907072,0.09096910966130123,0.09410856005831922,0.3145315391018667,0.37466125395998423,0.36391931860472954,0.44857810685289695,0.08151172969341364,0.09096910966130123,0.1273457891859282,,,0.09833255868657452,0.105376347969236,42.722988719321755,0.09724171100009509,56.11511334321313,0.11098644535180233
2023-11-01,0.09859153770065383,0.09525920114582895,0.09826870788781439,0.09957923857218991,0.14475164746492133,0.09253515938273965,0.09433181621354822,0.32716095691474856,0.37407648907649615,0.36664625626870123,0.4421917806844007,0.08201074998305596,0.09253515938273965,0.1303760084789206,,,0.09817671905659597,0.10088826917148183,7.575721451695927,0.09770920759750297,42.722988719321755,0.105376347969236
2023-11-02,0.10313494420588444,0.11253877048559158,0.10972933369629234,0.12295464804830426,0.20412314520105798,0.09594362187618657,0.09738989567314377,0.4608758424401487,0.3829413141083348,0.3709457755830987,0.4539191666296933,0.0856594824759267,0.09594362187618657,0.13294018840717042,,,0.10674769807266571,0.10350631253604355,50.92592551711472,0.09957923857218991,7.575721451695927,0.10088826917148183
2023-11-03,0.11403906782347516,0.11253877048559158,0.11899536911009606,0.11407198977227749,0.19659523916259472,0.09809310234536647,0.09907141654083812,0.39915547350308445,0.3861403746532642,0.3751497052342858,0.4532063153303374,0.08764797256286702,0.09809310234536647,0.13504881867743018,,,0.11220195879759055,0.10631135899807394,54.45543058642016,0.12295464804830426,50.92592551711472,0.10350631253604355
2023-11-06,0.117219448044223,0.11253877048559158,0.10875396277140126,0.10752688136087322,0.18365871699466535,0.09996622122819407,0.09979308930395198,0.3564134973818217,0.38580372230296367,0.37843241653825777,0.446336412521316,0.08827302692772049,0.09996622122819407,0.1386288620694896,,,0.11485117306048499,0.10836839307022958,58.510633980648535,0.11407198977227749,54.45543058642016,0.10631135899807394
2023-11-07,0.10086324095326914,0.09791759480371284,0.10387710814694592,0.10846189684821668,0.21583583628457437,0.10174721958223756,0.1005602746505842,0.3619420296466571,0.3857078919746314,0.3810356899595255,0.44126956573840537,0.08889172515178542,0.10174721958223756,0.14199448161565564,,,0.11002025599378913,0.11051893092037231,63.333326269076125,0.10752688136087322,58.510633980648535,0.10836839307022958
2023-11-08,0.10540662579393194,0.09880372602300747,0.09558644365803329,0.0892940682114118,0.17007329537813243,0.10229994348705099,0.09891240524553746,0.24689372173038282,0.3777201630197124,0.38120989384236353,0.4231549985504917,0.08845902654058976,0.10229994348705099,0.14402164885952845,,,0.1017609488068339,0.1084618968482167,43.076928155663175,0.10846189684821668,63.333326269076125,0.11051893092037231
2023-11-09,0.10131759026961933,0.10230394750827645,0.08193123908221975,0.07854137896069806,0.44195543999641373,0.10266842633429626,0.09610767620902072,0.19360198326689237,0.36702337318393413,0.3787935977957242,0.403836578768596,0.08776724303683983,0.10266842633429626,0.14600751159349462,,,0.09209911467344217,0.09957924303069546,34.899332939915936,0.0892940682114118,43.076928155663175,0.1084618968482167
2023-11-10,0.0799636490216525,0.076650424413607,0.07315288913086154,0.08087891767905674,0.2794066884834357,0.10334397761082179,0.09385567253075736,0.20985208815375223,0.3595884841495851,0.3750842296942471,0.3941936104444723,0.08637530826343126,0.10334397761082179,0.14984278305440618,,,0.0829047882837222,0.0929406286120513,6.730764601709055,0.07854137896069806,34.899332939915936,0.09957924303069546
2023-11-13,0.0754202641809897,0.076650424413607,0.07998048560509902,0.08415147188475887,0.2058770789438293,0.10291408107772052,0.09221799702330008,0.23315066958939612,0.35516983485125503,0.37106103890640296,0.3918533060409346,0.08671089567664628,0.10291408107772052,0.1482676007313093,,,0.08119058950817122,0.08826554671682843,15.21738341715131,0.08087891767905674,6.730764601709055,0.0929406286120513
2023-11-14,0.08359835689418273,0.07886575246184357,0.08363813238710982,0.08602150285944578,0.16036445958667683,0.10193146063980577,0.09096477725751628,0.24681750409824976,0.3526008542662589,0.3672287097276035,0.393276639290944,0.08670420575329624,0.10193146063980577,0.14588428538849502,,,0.08368396414108713,0.08377746791907424,21.951206747364537,0.08415147188475887,15.21738341715131,0.08826554671682843
2023-11-15,0.0845070446945992,0.09171465514161567,0.09070957740623933,0.10004675746212548,0.20585466445510378,0.10239206401583514,0.0915445643218552,0.3415935539886198,0.35639691722745304,0.36506979540391815,0.40575597977364286,0.08687777466073524,0.10239206401583514,0.1467333740956132,,,0.0900732440687767,0.08592800576921697,41.81818891162777,0.08602150285944578,21.951206747364537,0.08377746791907424
2023-11-16,0.08950476801932826,0.08462560538725866,0.08778346463156614,0.08555399511577406,0.15670529430223698,0.10229994348705099,0.09029835934239674,0.255446212038719,0.35367187298719555,0.36269160092871766,0.40412071780408854,0.08695061778045138,0.10229994348705099,0.14639437011357231,,,0.09054075181244843,0.0873305290002322,45.999992847444304,0.10004675746212548,41.81818891162777,0.08592800576921697
2023-11-17,0.08178100295791758,0.08329641912183408,0.08729577916912062,0.09022908369875525,0.11005626036670105,0.10236135717290709,0.08974205852765901,0.2859166822200886,0.3535745403329298,0.36076579079344584,0.40749433325261775,0.08692633864262478,0.10236135717290709,0.146582175792699,,,0.09194327875888493,0.0892005622041719,64.36781010708005,0.08555399511577406,45.999992847444304,0.0873305290002322
2023-11-20,0.09132212195559337,0.11076650804700233,0.10143866920737968,0.12061712047620941,0.24925359752544046,0.10339003750915934,0.09295165082159437,0.44492852492513313,0.3658740869087161,0.36216372980020656,0.4322808929605949,0.08908907825952933,0.10339003750915934,0.14568624327537616,,,0.09880006643024625,0.09649369192246199,78.9115595505341,0.09022908369875525,64.36781010708005,0.0892005622041719
2023-11-21,0.10995001063459474,0.1118741773528793,0.11460618832074768,0.11781207401417902,0.22970368045904874,0.10286802191149172,0.09551283769037666,0.4275016321640188,0.37440196530688513,0.3653195474621668,0.44539011462099926,0.08749263946472613,0.10286802191149172,0.14692571237972946,,,0.10955275939638125,0.10285180615340864,74.65753469397353,0.12061712047620941,78.9115595505341,0.09649369192246199
2023-11-22,0.11358474017169277,0.12095702763240793,0.11850767202031193,0.13323984070161005,0.15034742457524544,0.10360498760598227,0.09971511818934808,0.49258963452067495,0.3872075354179448,0.3709036870041803,0.4634991062139447,0.09017561912975255,0.10360498760598227,0.14450077536767242,,,0.12388967839733282,0.10949042280130557,78.85714153367682,0.11781207401417902,74.65753469397353,0.10285180615340864
2023-11-24,0.13357563347060908,0.15507311126580323,0.14191659747237473,0.16690042053850257,0.24295736764244408,0.10735122537163752,0.1076299438447707,0.5995607535480779,0.410548527165081,0.3809475893825245,0.49675738567559163,0.10472222015164004,0.10735122537163752,0.13074553024733299,,,0.13931744508476387,0.12575970788585128,82.949303641981,0.13323984070161005,78.85714153367682,0.10949042280130557
2023-11-27,0.14865969713909094,0.15950376736227637,0.15610825256867675,0.16690042053850257,0.25842560631192,0.11174230757089024,0.11479097658062914,0.5995607535480779,0.4283456741488125,0.3932347759029902,0.5134864750125361,0.11643059058076966,0.11174230757089024,0.12302576707811523,,,0.15568022725953837,0.1410939752538007,96.77419644282026,0.16690042053850257,82.949303641981,0.12575970788585128
2023-11-28,0.16719672462064938,0.19007532611849323,0.1828822228271539,0.20430108461729657,0.337438920518223,0.1187741811903891,0.1258397445608423,0.6851064329952236,0.45663220924055603,0.4098226968158395,0.5455588141842516,0.1373899311052157,0.1187741811903891,0.1071877017600487,,,0.17936730856476724,0.15783076808201815,97.65625218278734,0.16690042053850257,96.77419644282026,0.1410939752538007
2023-11-29,0.20263514804238697,0.2033672944079126,0.20824189012899882,0.2141187583806668,0.29890505222575875,0.12642019313266636,0.1370358051758374,0.7030402603601204,0.48172576336906553,0.429088343566426,0.5655277133166572,0.15667623417564375,0.12642019313266636,0.09547746844853915,,,0.1951067545121553,0.17709210495531572,97.16981386705511,0.20430108461729657,97.65625218278734,0.15783076808201815
2023-11-30,0.20763288219939996,0.19805050709214486,0.20434040642943455,0.19775595391336465,0.26006858833550006,0.13286863600442375,0.14516631206793112,0.604474883825679,0.49350675152766066,0.44731555497136466,0.5577836753048008,0.16846712354223947,0.13286863600442375,0.09264000068529409,,,0.20539193230377603,0.18999532759766663,85.47716454856686,0.2141187583806668,97.16981386705511,0.17709210495531572
2023-12-01,0.17628349430197493,0.2498892362384675,0.18385759375204494,0.26320710490499033,0.6418287981351146,0.14208069766813944,0.16051952574201078,0.7173814071325973,0.527613945547,0.47004615789627896,0.591367311743144,0.1955784916864835,0.14208069766813944,0.07243614602964689,,,0.22502727239967393,0.2092566644709642,89.94251920708021,0.19775595391336465,85.47716454856686,0.18999532759766663
2023-12-04,0.3089504616367354,0.3198936659438474,0.3004145239225747,0.3207106131079327,0.502297485094365,0.15565313542028877,0.18143649975547688,0.777481247726108,0.5756294140988176,0.49970241574733254,0.6430147592513582,0.2350907107002853,0.15565313542028877,0.04334845354032758,,,0.2605578906420959,0.24001870298485023,91.22806220823607,0.26320710490499033,89.94251920708021,0.2092566644709642
2023-12-05,0.3130395188256158,0.3500221696539343,0.3340648789680095,0.3412809984145443,0.590415564620971,0.1710065729906993,0.20287473955628427,0.7943303070306237,0.6191467805204851,0.5338245184948247,0.6763183951281768,0.2724338403197516,0.1710065729906993,0.02201156350606319,,,0.3083995721424891,0.2674146857442997,92.09931643313851,0.3207106131079327,91.22806220823607,0.24001870298485023
2023-12-06,0.3421172251349933,0.3300842066562879,0.3399171045173559,0.33847592965998624,0.29431120276146505,0.18611435435346788,0.2219285095408418,0.7816382861468255,0.6492467573161562,0.5683136368508824,0.6790553809555446,0.3024336238001295,0.18611435435346788,0.011627266757502877,,,0.3334891803941544,0.2922861200001637,88.88887165900756,0.3412809984145443,92.09931643313851,0.2674146857442997
2023-12-07,0.31621987738179586,0.3291980543099584,0.32236038135996237,0.33800841077005067,0.2631517012596943,0.2024504094333576,0.23911051174164616,0.7793896867014584,0.6694312474893842,0.6007273761990318,0.6635784290262718,0.3271785248215266,0.2024504094333576,0.01250117392000459,,,0.3392551129481937,0.3203366113715008,87.96559232164113,0.33847592965998624,88.88887165900756,0.2922861200001637
2023-12-08,0.32212628850694136,0.36774479403982685,0.3482077690062687,0.38943432945152434,0.3537118393329448,0.2228704797474376,0.2609395237092393,0.8211319881614848,0.7024791737252294,0.6345541229897504,0.6741158046964582,0.3590909573756291,0.2228704797474376,0.012049970390812528,,,0.35530622329385375,0.3455820562808076,98.349041962553,0.33800841077005067,87.96559232164113,0.3203366113715008
2023-12-11,0.33666511999706233,0.3247673770864504,0.3155328081404021,0.3174380700484944,0.3469650782265657,0.2384081576433075,0.2718928381243618,0.5590264641066212,0.6956109614744066,0.659974578628346,0.6114266459600914,0.3714212961673301,0.2384081576433075,0.03050694766338309,,,0.3482936034233565,0.34492754766892,63.24200816305735,0.38943432945152434,98.349041962553,0.3455820562808076
2023-12-12,0.3148568727618809,0.311918463843161,0.3262618650595266,0.3162692728236555,0.21133612767292778,0.2536541187010889,0.28166017217974626,0.5554749612258367,0.6860214785229526,0.6780198398967726,0.5564267985581489,0.3810366989959256,0.2536541187010889,0.05252383467607859,,,0.34104722410789146,0.33992520255074227,48.50393379131698,0.3174380700484944,63.24200816305735,0.34492754766892
2023-12-13,0.30667875838412006,0.3602126681123051,0.3209461249126845,0.38522674861221495,0.3665811180346977,0.2733065172098592,0.2989227392194174,0.6431233820008092,0.7026011252817121,0.6964172304100331,0.5590527706694687,0.4000625592009174,0.2733065172098592,0.07047297515977348,,,0.3396446971614549,0.349275366341188,61.16388534438841,0.3162692728236555,48.50393379131698,0.33992520255074227
2023-12-14,0.3816447057456112,0.40496234750427074,0.41209459946864924,0.41654980087701254,0.36925964943739636,0.2940950696390755,0.3183684076568711,0.6745171457477402,0.724365061799376,0.7163349461652558,0.5703904591577132,0.42234332022861254,0.2940950696390755,0.08607004250640014,,,0.372681940770961,0.36498364436258035,67.3236464853156,0.38522674861221495,61.16388534438841,0.349275366341188
2023-12-15,0.39568377898522844,0.38413823216029497,0.39551327049082396,0.403459584054204,0.3258595956426234,0.3149757440612937,0.3343627011516337,0.6351289650901397,0.7320878882189666,0.7341142435525294,0.5544433968817113,0.43554273881625283,0.3149757440612937,0.11617645263837974,,,0.40174537784781056,0.3677886952831163,63.752458427584386,0.41654980087701254,67.3236464853156,0.36498364436258035
2023-12-18,0.37323941670967536,0.4058484998506001,0.4008778454597405,0.4128097389276387,0.3070134935222128,0.3361634861806835,0.34997616182790203,0.6455134922892577,0.7377432283617635,0.7496888458790236,0.5380020821414306,0.4459991799610107,0.3361634861806835,0.1513456275300305,,,0.41093970795295176,0.38686302905894515,55.96658635167045,0.403459584054204,63.752458427584386,0.3677886952831163
2023-12-19,0.41072236872585327,0.4076207622891894,0.39405022573082593,0.39364191029083373,0.31582462904021164,0.35409630002126624,0.3617606367687166,0.5860837266098087,0.7302496034923485,0.7603581634084886,0.5014213628059627,0.4520855647140919,0.35409630002126624,0.1854592989669459,,,0.4033037444242255,0.4023375565523808,76.6339851457454,0.4128097389276387,55.96658635167045,0.38686302905894515
2023-12-20,0.4098137134222884,0.41869741309388964,0.41453303840821554,0.3964469344603365,0.37941341283005336,0.37239759451276777,0.3727655080075989,0.5899045287700315,0.7213729231026589,0.7667728157865533,0.46969258084736276,0.45373597277489397,0.37239759451276777,0.22744842946044325,,,0.40096619455960303,0.4045815937220051,77.70598599469636,0.39364191029083373,76.6339851457454,0.4023375565523808
2023-12-21,0.4075420101696731,0.41869741309388964,0.4189222191975639,0.44506778438725214,0.315700228627785,0.392879077048486,0.38866295450775634,0.6501819762512439,0.7299325149643184,0.7739495810732597,0.4753759691859659,0.46090219966812473,0.392879077048486,0.26607252462395553,,,0.41171887637947413,0.410285190424053,74.06015536293235,0.3964469344603365,77.70598599469636,0.4045815937220051
2023-12-22,0.43752837178261533,0.44705361211131767,0.45793710270256105,0.4618981077444899,0.3070359080109383,0.4122551147030129,0.40510274374316746,0.6683538391427121,0.7392751521081957,0.7819231205572152,0.48131784096086444,0.47088071383829766,0.4122551147030129,0.29757984176815594,,,0.43447094219735954,0.4219728951621102,70.63830857905332,0.44506778438725214,74.06015536293235,0.410285190424053
2023-12-26,0.43889137640253034,0.42800180146000055,0.45037793733897025,0.4548854581506224,0.24794571210830682,0.4311705475172928,0.41912000975854924,0.6449350479192798,0.7395395561710416,0.7883651231212476,0.4698965423945625,0.4738964413706708,0.4311705475172928,0.33891748035732644,,,0.45395045009412155,0.43038803900670697,74.77475890729553,0.4618981077444899,70.63830857905332,0.4219728951621102
2023-12-27,0.46478872415572775,0.5055383570929022,0.501341120487552,0.5338943671475198,0.30701125207334024,0.4528188930127116,0.44145587109706075,0.7218183106424171,0.76727043110304,0.8001441394721087,0.509696841766322,0.4949835486512545,0.4528188930127116,0.35848676970914073,,,0.48355931101421074,0.45843853037804416,84.90565310221686,0.4548854581506224,74.77475890729553,0.43038803900670697
2023-12-28,0.48296226351837895,0.49800623116538045,0.5091440878866804,0.5189340747649691,0.29100282422557944,0.4728397721724006,0.4598366089328372,0.6760816256910561,0.7784274585306337,0.8122329709020728,0.5120072597998351,0.5073481667848456,0.4728397721724006,0.38781170324406017,,,0.5025713000210371,0.48293595843897064,87.01654729497795,0.5338943671475198,84.90565310221686,0.45843853037804416
2023-12-29,0.5074965633225258,0.501550756042559,0.42282370289712823,0.42169237491113787,0.40221791365938947,0.4875483638449959,0.46458548383525033,0.4394956036461388,0.7433936737183627,0.8135338227211946,0.43155687400776094,0.49452405114608744,0.4875483638449959,0.4438167400057286,,,0.491506938941209,0.4782608765437478,54.78723179400104,0.5189340747649691,87.01654729497795,0.48293595843897064
2024-01-02,0.48023625427854916,0.4630040163126906,0.4286759284464746,0.4146797699023257,0.27961626395301925,0.49749739120320213,0.46802526137785183,0.4255654320943474,0.7088433090259737,0.8063197887788747,0.3680578807583764,0.48821623762223143,0.49749739120320213,0.47797651107759037,,,0.4517687398594776,0.468817208975315,43.1579014997376,0.42169237491113787,54.78723179400104,0.4782608765437478
2024-01-03,0.3507496454999687,0.39339833826153103,0.37259206538322254,0.4001869964097105,0.29434594521898955,0.5027175588936206,0.46936666546921924,0.3962396841449797,0.67205827975793,0.7917599439011775,0.3132771576735102,0.48644871711291493,0.5027175588936206,0.4934740732670319,,,0.41218638040772465,0.4578775166271326,35.9574450384503,0.4146797699023257,43.1579014997376,0.468817208975315
2024-01-04,0.3970922358684326,0.41249447343179246,0.41819067356288775,0.4090696769782648,0.2356513650423634,0.5071700547787293,0.47166563244283877,0.4107630881342337,0.6433389586551681,0.7732504957919888,0.28382334749206073,0.48607385271913506,0.5071700547787293,0.5049108072959052,,,0.40797881443010037,0.4329125785932816,39.662455746710606,0.4001869964097105,35.9574450384503,0.4578775166271326
2024-01-05,0.389368470807022,0.376606106232773,0.3808827298721351,0.383356717637528,0.18180391805262924,0.5101179146282557,0.4706039547164901,0.3570133425462563,0.6073582027172776,0.749846475220872,0.24732251443026887,0.48431795884577755,0.5101179146282557,0.5148543338270881,,,0.39753779700850106,0.4057971071677934,5.277790655319649,0.4090696769782648,39.662455746710606,0.4329125785932816
2024-01-08,0.36983188349532015,0.38945501947606265,0.3491831166764825,0.4074334054485458,0.34642488904828084,0.5146778870259938,0.47258515948487523,0.39927055882652884,0.5861145701075794,0.7260477655596124,0.24437915610782615,0.4825289974409611,0.5146778870259938,0.5287772690321741,,,0.3999532666881129,0.40294531327527494,18.577093176342743,0.383356717637528,5.277790655319649,0.4057971071677934
2024-01-09,0.38573376293449174,0.3947718490458999,0.4081931157690851,0.3992520032148946,0.2028488815170126,0.5153227314595913,0.47337804696696306,0.3814446843882321,0.5636909347587136,0.7016513803436162,0.23992204451774532,0.48263817878696047,0.5153227314595913,0.5301764831914871,,,0.39668070876698946,0.3998597599377888,37.30160812590509,0.4074334054485458,18.577093176342743,0.40294531327527494
2024-01-10,0.37028623281167033,0.39056270990897435,0.380395032782351,0.3728377655392544,0.349463172995024,0.5189614941768352,0.470868041356155,0.32549011990639065,0.5332684406885233,0.6748657807244631,0.22210469340959504,0.477332294220552,0.5189614941768352,0.5473872941665808,,,0.39317439140089827,0.39438991376369753,30.585692002796875,0.3992520032148946,37.30160812590509,0.3998597599377888
2024-01-11,0.39300317867955215,0.4076207622891894,0.3374786655777897,0.3389434485499218,0.4191049894651903,0.5204507793533346,0.46445576276404377,0.2607573206209183,0.4939186165690819,0.6440359068052519,0.19194488226556625,0.4739602590866506,0.5204507793533346,0.5563196568300248,,,0.37034440576802363,0.38036466807802893,25.919138271494106,0.3728377655392544,30.585692002796875,0.39438991376369753
2024-01-12,0.31712857601449623,0.3074878288737226,0.29821993352790055,0.2865825366736323,0.31230331286143365,0.513971630370758,0.45225654584332453,0.17648198314572228,0.44059900635137766,0.606632975495326,0.14292689910355105,0.4853652578420651,0.513971630370758,0.5225952750646564,,,0.3327879169209362,0.3610098318852498,14.109596235260241,0.3389434485499218,25.919138271494106,0.38036466807802893
2024-01-16,0.2666969501217197,0.27071335158244336,0.2628627084322529,0.2636746237949259,0.32301407629891965,0.5039304832158765,0.4384201936097335,0.1442317755086402,0.38878262054181406,0.5643307461364884,0.1063908254026748,0.4963852383396611,0.5039304832158765,0.48079886298197844,,,0.29640020300616005,0.3322580755545258,14.345410947887075,0.2865825366736323,14.109596235260241,0.3610098318852498
2024-01-17,0.24852338909450072,0.24147097909165113,0.2570104828829065,0.2501168880821818,0.17338503608732686,0.4938586284859584,0.42424505966451753,0.12562611479407287,0.34249339743665613,0.5194296188158045,0.08700977805117438,0.5062310548100709,0.4938586284859584,0.44077459732985397,,,0.26679134951691336,0.30243105252798325,0.0,0.2636746237949259,14.345410947887075,0.3322580755545258
2024-01-18,0.2448886812219705,0.24324324153024043,0.23408925452062787,0.2276764940934109,0.24493880844577937,0.48169870697271633,0.40867809600351057,0.09565799278091508,0.2974911124813335,0.47275684623789044,0.07379789319669938,0.5151423343232583,0.48169870697271633,0.3971334518225293,,,0.24715600199017285,0.2733987982388145,0.0,0.2501168880821818,0.0,0.30243105252798325
2024-01-19,0.22080870906960592,0.21267168277402362,0.2170202284530184,0.22720897520347533,0.24042116824315238,0.47076705917659534,0.3945365772868993,0.09502800177445975,0.26284341062554734,0.4271406571455165,0.08167726932638852,0.5217447354507536,0.47076705917659534,0.3601164570014959,,,0.23500078579302267,0.2510519035695252,0.0,0.2276764940934109,0.0,0.2733987982388145
2024-01-22,0.21353929332454546,0.23039432828695092,0.22579859003171518,0.23796166445418904,0.23399381360111177,0.4603574299065776,0.3830556694514399,0.12500815940396925,0.24121382488141196,0.3854800013893106,0.11117530272907389,0.5243522220647551,0.4603574299065776,0.3306551777404598,,,0.23094904458369178,0.2413277291256366,8.778625467941907,0.22720897520347533,0.0,0.2510519035695252
2024-01-23,0.21853702748155845,0.23172353567941026,0.23140696703616956,0.23749416785678112,0.2093692562872641,0.44672357993279,0.3726110611102903,0.12425739643926786,0.22551941242483706,0.34840179398605176,0.1453484983751161,0.5197000521943499,0.44672357993279,0.30475853412943005,,,0.23422160250481516,0.23609163793800764,15.231787033820694,0.23796166445418904,8.778625467941907,0.2413277291256366
2024-01-24,0.245797358190103,0.24678776640741892,0.24481833469442957,0.23281906812753617,0.19681826332541355,0.43167721079165955,0.36258995803497096,0.11631698518792061,0.21296239360581154,0.3157391261103555,0.17827698649679724,0.5103060552521441,0.43167721079165955,0.282879617989769,,,0.2360916334795021,0.2326320739470785,20.53570934400426,0.23749416785678112,15.231787033820694,0.23609163793800764
2024-01-25,0.22853247413101663,0.23216659072554016,0.2433552666797544,0.24754557877259148,0.1283677769310082,0.4180587131411728,0.3553225801066475,0.1629028834535834,0.21080630826210836,0.28909386350236377,0.22315124402389996,0.4985634258957726,0.4180587131411728,0.2681736412325796,,,0.23928627158563623,0.23660589088291464,47.59824090886371,0.23281906812753617,20.53570934400426,0.2326320739470785
2024-01-26,0.25761015877582627,0.27071335158244336,0.2750548566207298,0.28050492485963596,0.2556977630340252,0.4014155881677849,0.3527744166689949,0.2572761043553513,0.2241535683497379,0.27096655849243767,0.28667314521809223,0.46498822973170606,0.4014155881677849,0.2804416778067335,,,0.25362319058658783,0.24726508081414672,91.24085482579794,0.24754557877259148,47.59824090886371,0.23660589088291464
2024-01-29,0.27760109540387823,0.31413380245491496,0.29334307890344524,0.3048153275305661,0.36284574348859105,0.38735184092878716,0.3534392618579273,0.31832122449997113,0.24601820328223056,0.2616885765261117,0.352666174361453,0.4297283691664109,0.38735184092878716,0.30164350909787785,,,0.2776219437209312,0.26063581342942216,94.148929424554,0.28050492485963596,91.24085482579794,0.24726508081414672
2024-01-30,0.3012266965753247,0.3039433039965441,0.3049500231407293,0.29967275349644085,0.25558569059039765,0.3793373483355913,0.35341245154358103,0.30585830595476393,0.26246625184676137,0.25819593123090956,0.3958098012423523,0.4154852069030125,0.3793373483355913,0.3045232165049909,,,0.294997668628881,0.2730715305573541,87.50001015988407,0.3048153275305661,94.148929424554,0.26063581342942216
2024-01-31,0.27760109540387823,0.30261407547705,0.2965130402230105,0.28237495583432287,0.2969068005558793,0.3706473037337611,0.3512746917576599,0.2643088533268648,0.26959649724418844,0.25710536131024864,0.41372306188563884,0.4006822064416218,0.3706473037337611,0.3066377821430723,,,0.29562101228710996,0.28298270809871146,72.64151155587925,0.29967275349644085,87.50001015988407,0.2730715305573541
2024-02-01,0.2757837414676131,0.2822330785603083,0.27895634032029415,0.2968676847418828,0.3169778544851392,0.3638610848576864,0.3511112982843091,0.30353584460349603,0.282125519721594,0.25922631848765193,0.43767273581358024,0.3877753224814644,0.3638610848576864,0.31040782260115735,,,0.2929717980242155,0.29284712929256973,79.39915217087885,0.28237495583432287,72.64151155587925,0.28298270809871146
2024-02-02,0.27623804745482766,0.286220637356582,0.29602534313322637,0.2931276227925089,0.18898103734253824,0.35624577902622834,0.3505064928026842,0.2938504001732478,0.2914116951878018,0.2631417217544851,0.45105465581949306,0.3710399260076743,0.35624577902622834,0.3181802950791419,,,0.29079008778957155,0.2953716688791443,73.2697003844971,0.2968676847418828,79.39915217087885,0.29284712929256973
2024-02-05,0.28305315721267355,0.2755870627250465,0.27895634032029415,0.26881722012157877,0.22088021697225088,0.348722595919881,0.346988961448691,0.23323777090055575,0.2897817430534013,0.2658846189276992,0.44231079728638995,0.3577071459956762,0.348722595919881,0.32082489216033033,,,0.2862708425519902,0.2881720473973468,43.45549032394004,0.2931276227925089,73.2697003844971,0.2953716688791443
2024-02-06,0.2603362113447918,0.2910943907532546,0.277005598470512,0.31276297031924943,0.23303335275922357,0.34250445253981154,0.3491758719791105,0.35049468769436976,0.30705792320763475,0.27220653275970835,0.4690009914972619,0.33839017994868004,0.34250445253981154,0.3360619005933827,,,0.291569271077779,0.2907900907619086,53.64807341251974,0.26881722012157877,43.45549032394004,0.2881720473973468
2024-02-07,0.30577010308055536,0.31856447967842283,0.31704464121312026,0.3412809984145443,0.24199578607611963,0.33869680108830036,0.3546389334729052,0.41320662983410916,0.33274752646393685,0.2834017809072191,0.5053434429959476,0.3232944599944124,0.33869680108830036,0.35053129302251257,,,0.30762039628512416,0.30257129927795284,65.72439341405084,0.31276297031924943,53.64807341251974,0.2907900907619086
2024-02-08,0.35892775987772946,0.3717323950901701,0.36917823226408797,0.3969144533502721,0.4076422199309634,0.34027820606147496,0.36637918519185064,0.5121629517137875,0.37563692472864757,0.30260504278917044,0.5650624837806052,0.33065417048216394,0.34027820606147496,0.3428070808065906,,,0.350319474028022,0.32258065299963073,83.56165349942427,0.3412809984145443,65.72439341405084,0.30257129927795284
2024-02-09,0.4993184922739006,0.5511741465771277,0.487198230449293,0.55820476981845,1.0,0.3546797278405721,0.3967083085978088,0.6804254869568157,0.473988947392991,0.34146575320053696,0.7116561347632074,0.40369917074174566,0.3546797278405721,0.262992247199683,,,0.4321334071944221,0.3755960824048189,91.16348283596659,0.3969144533502721,83.56165349942427,0.32258065299963073
2024-02-12,0.5524761057419392,0.6331413794335372,0.5918068842309151,0.6542776724474424,0.7744945532792398,0.3788306792043534,0.43588745297485787,0.7383225189648269,0.5884553157379955,0.3999024349779076,0.857642177141963,0.49211571090636086,0.3788306792043534,0.1827493882517086,,,0.5364656318720549,0.4526881728699916,94.06731777663387,0.55820476981845,91.16348283596659,0.3755960824048189
2024-02-13,0.5597455648161354,0.6309259985677137,0.5749817067081977,0.6489013835534047,0.554058143183754,0.40413314266875233,0.4706783572904134,0.7264629691372567,0.673458205544113,0.46696052878992095,0.9219355804741607,0.5565600949614523,0.40413314266875233,0.14301992863688046,,,0.620461275273099,0.5199158555168226,98.62441568895059,0.6542776724474424,94.06731777663387,0.4526881728699916
2024-02-14,0.7319399694323782,0.7408064387765257,0.7266520599388374,0.740532990483175,0.5817994351548842,0.4363446523809381,0.5133516986829828,0.7717168447855735,0.7734072248209809,0.5444866565073726,1.0,0.6349370990528213,0.4363446523809381,0.09820617898471325,,,0.6812373488280073,0.5997662539305488,98.77399957969185,0.6489013835534047,98.62441568895059,0.5199158555168226
2024-02-15,0.7308041394706382,0.7567567584697595,0.7076322455120916,0.7115474434979446,0.5816615860492222,0.4681262633636959,0.548419361143811,0.7113506844665173,0.8354371049897051,0.621327633997468,0.994890553921614,0.6905294792030172,0.4681262633636959,0.08818524635900991,,,0.7003272725115081,0.6626928519600833,92.17252631415379,0.740532990483175,98.77399957969185,0.5997662539305488
2024-02-16,0.7001362972123063,0.7026584507008777,0.7090953367814439,0.7410005093731106,0.37661160173936437,0.5018731181507187,0.5837459204308044,0.7272731642733149,0.8905446335830889,0.6959666146347541,0.9784693608241211,0.7438487469584598,0.5018731181507187,0.08652759516981097,,,0.7310269811180768,0.6992519998710155,91.67610800647938,0.7115474434979446,92.17252631415379,0.6626928519600833
2024-02-20,0.7419354810755394,0.7244129584019882,0.6574006079981858,0.6802243912331469,0.4868090733850361,0.530921817916555,0.6082822158950412,0.608573183069985,0.9033270679628773,0.7587317570067733,0.8899212819685306,0.7768350634553136,0.530921817916555,0.10540805591846984,,,0.7109241147014007,0.7044413436281564,69.53592189237503,0.7410005093731106,91.67610800647938,0.6992519998710155
2024-02-21,0.5983643467940528,0.6377935524895579,0.6359424476505824,0.6287985171367286,0.29896893351862647,0.5566234696069097,0.6241983358338463,0.520939932730049,0.8865620967713046,0.8049384120020643,0.7664378545200692,0.7960828252494612,0.5566234696069097,0.13774520524679607,,,0.6833411392476622,0.7004207703448212,45.24018344525052,0.6802243912331469,69.53592189237503,0.7044413436281564
2024-02-22,0.6210812926619347,0.6880815572838737,0.6500853376888414,0.705002357379068,0.4219191285246784,0.5876374117127933,0.6479094751726155,0.5813946519520431,0.8981477149641297,0.8446717525370138,0.7181636952730062,0.8228917235781794,0.5876374117127933,0.1711304020263375,,,0.6713417552496478,0.6933146437239998,58.28728848756135,0.6287985171367286,45.24018344525052,0.7004207703448212
2024-02-23,0.6669694903849127,0.660611426104636,0.6788588148551437,0.6741468240042059,0.22273725736315955,0.615657434070813,0.6655923783865935,0.5323064922955263,0.8887737013749766,0.874218801302509,0.642200342337152,0.8401357544820289,0.615657434070813,0.2122673767013517,,,0.6693158995066675,0.685834519825252,38.04714231769094,0.705002357379068,58.28728848756135,0.6933146437239998
2024-02-26,0.6624261705379534,0.8329641700913061,0.7125091233912241,0.8574100378637468,0.7039449500156902,0.6535497148494464,0.7039829086514684,0.6493036761496868,0.9491643545696904,0.9122848742616056,0.7057301975714385,0.8887593769115125,0.6535497148494464,0.22809495454190226,,,0.7455197397490069,0.7091164255233793,66.8831183575667,0.6741468240042059,38.04714231769094,0.685834519825252
2024-02-27,0.9559290695550157,0.9437306781383085,0.8944159520388097,0.882655433729493,0.661649930515085,0.6915034078497182,0.7418017649322507,0.6618527450361716,1.0,0.9548833000872148,0.7395298106417363,0.9354167556167103,0.6915034078497182,0.24716503741762924,,,0.8047374318658153,0.7496026340226485,66.55737106895954,0.8574100378637468,66.8831183575667,0.7091164255233793
2024-02-28,0.9004997528343619,0.8963225417073546,0.7705437748136127,0.7512856574413611,0.8431714260097728,0.721166245938333,0.7599676262575816,0.49120901973050257,0.9798083688270436,0.9841378899686766,0.6400193565643246,0.9506372901444935,0.721166245938333,0.29548715620980076,,,0.8304503763448671,0.774100062083575,57.12945943474835,0.882655433729493,66.55737106895954,0.7496026340226485
2024-02-29,0.7891866834184327,0.7704918663134479,0.6755425583614495,0.6877045151318947,0.6925281301833506,0.7477891014523107,0.7686348487021691,0.42305661563439667,0.9314508193221902,0.9959880569530521,0.5102274412040371,0.9511683339822974,0.7477891014523107,0.35950984858326707,,,0.7738818687675829,0.7706404936341402,55.76922791411934,0.7512856574413611,57.12945943474835,0.774100062083575
2024-03-01,0.667423839701263,0.6964998355577248,0.6619848955290605,0.7410005093731106,0.4507497646478684,0.7769606329825126,0.7829885044121762,0.4619555903151401,0.9085635399572229,1.0000000000000002,0.45177459253004343,0.9536351642939143,0.7769606329825126,0.4266965853309686,,,0.7266635606487887,0.7840112307079211,53.69127725423729,0.6877045151318947,55.76922791411934,0.7706404936341402
2024-03-04,0.7669240868669011,0.7545414621120751,0.6793465119449278,0.6760168103938375,0.6900042587528579,0.8021095600359447,0.7880352193729414,0.39512456023722176,0.8583420717571772,0.9912107251767728,0.3563106638414027,0.9423102160921042,0.8021095600359447,0.5057779556798591,,,0.7015739449662809,0.7477325852139394,50.17920699771238,0.7410005093731106,53.69127725423729,0.7840112307079211
2024-03-05,0.6347114688484908,0.666371331847638,0.6252133442221034,0.6227209053227323,0.5640505222575873,0.8253546613636212,0.7860894226866898,0.34453237674688375,0.7919759354195759,0.9683232189242019,0.2511743734152804,0.9153313771473928,0.8253546613636212,0.6048447778688024,,,0.6799127416965601,0.6957456795325873,20.04773378332797,0.6760168103938375,50.17920699771238,0.7477325852139394
2024-03-06,0.6401635739864219,0.6730173054288302,0.6391123857154705,0.6809257141531057,0.46254202716636034,0.8495363261593105,0.7914405983948011,0.3924235430693126,0.75854224471311,0.9420252924072492,0.22574147162272945,0.8887385851247609,0.8495363261593105,0.705585985291883,,,0.6598878099565585,0.6816736908749361,26.252078977854595,0.6227209053227323,20.04773378332797,0.6957456795325873
2024-03-07,0.6569740654000225,0.7018165806194231,0.6803218596151417,0.7391304338133684,0.40443358586990635,0.8756678721864397,0.8033937858503284,0.4367430335666943,0.7512913025217443,0.9192545682018667,0.25204526500840463,0.8584373584717255,0.8756678721864397,0.8169108046136965,,,0.6809256844297353,0.6919588746112308,48.271275617624404,0.6809257141531057,26.252078977854595,0.6816736908749361
2024-03-08,0.7346660653304792,0.8125830886664254,0.7817605288225213,0.8522674192445662,0.649101179002107,0.9055763650184787,0.8280320301858205,0.5113564724599924,0.7867202021037678,0.9095026023229511,0.34913148204624395,0.8422046827963799,0.9055763650184787,0.9153071624144858,,,0.7574411890703469,0.7142122565855221,70.51281880280777,0.7391304338133684,48.271275617624404,0.6919588746112308
2024-03-11,0.8636983247927094,0.8498006421308693,0.7271397570286215,0.6965871957004491,0.5254426861523289,0.9146655993104822,0.8313022440996244,0.368415118715798,0.7471151041242423,0.8922386457918488,0.2931114886985119,0.832841963498143,0.9146655993104822,0.9521776794816833,,,0.7626616829194613,0.7183263336468443,45.58959738829615,0.8522674192445662,70.51281880280777,0.7142122565855221
2024-03-12,0.6851431164058351,0.6699158567248165,0.6642282277271006,0.6769518481737087,0.42578450710539295,0.9161548844869816,0.8318618965653662,0.3525393888403551,0.7038662698675959,0.8680945413564591,0.24180340570490663,0.8322517750420094,0.9161548844869816,0.9567342078803981,,,0.7419354877062414,0.7291725222170397,50.10204315979963,0.6965871957004491,45.58959738829615,0.7183263336468443
2024-03-13,0.6556110174509718,0.697607483736567,0.6988539769521035,0.705937395158939,0.3658773030887166,0.9199011237168546,0.8359097999763432,0.3742285694558255,0.6778019077637775,0.8425520039686287,0.23137471798147516,0.8315023151573503,0.9199011237168546,0.9670396120720003,,,0.6931588130110323,0.7341748584182063,59.59052023135643,0.6769518481737087,50.10204315979963,0.7291725222170397
2024-03-14,0.6510676976040125,0.6402304291878943,0.6354547505607983,0.6465638336887821,0.38263101268660066,0.9137290416993404,0.8323177282417609,0.32372165326130986,0.6299764005089088,0.8106915837828782,0.18425967635023974,0.8303925024132075,0.9137290416993404,0.9537490511617445,,,0.6764843590071433,0.715661538393289,46.05050732807215,0.705937395158939,59.59052023135643,0.7341748584182063
2024-03-15,0.6188095894093193,0.6902968536415581,0.6517434891903657,0.7208976429564345,0.4922490697987179,0.9143431814863368,0.8381501122779305,0.381137967288555,0.6193991116533537,0.7826761394558733,0.2129332373279043,0.8308423493236413,0.9143431814863368,0.9545375976882099,,,0.6911329572680519,0.6893875831356627,47.97927809336321,0.6465638336887821,46.05050732807215,0.715661538393289
2024-03-18,0.6801453605842543,0.7124501552509586,0.696903188592967,0.7223001104561306,0.3675303716322231,0.9131149019123443,0.843598389342653,0.38220369493716455,0.6088058581767094,0.7577328615752718,0.23584364175453051,0.8295191328643716,0.9131149019123443,0.9536267041378691,,,0.6965871957004491,0.6945301660867991,30.853990364999774,0.7208976429564345,47.97927809336321,0.6893875831356627
2024-03-19,0.6633347825123825,0.6614975784509654,0.6388685836799327,0.6769518481737087,0.4016687586856144,0.9128999547439571,0.8429869803566779,0.3402284025479121,0.5795262670755312,0.7307828082919657,0.22087829502887088,0.8295362441967513,0.9128999547439571,0.9530761384543388,,,0.7067165338620912,0.6945301660867991,45.71428460212899,0.7223001104561306,30.853990364999774,0.6945301660867991
2024-03-20,0.6578827640327228,0.8019495140348898,0.6905633124631908,0.8527349381345017,0.5074651454700319,0.9276085464165527,0.8639115672863131,0.4662751272959983,0.6248384386602546,0.7200486739823547,0.34180704948216817,0.8466126539759066,0.9276085464165527,0.9620477622307552,,,0.750662298921447,0.7238896746819116,72.81553600317397,0.6769518481737087,45.71428460212899,0.6945301660867991
2024-03-21,0.7997273622462518,0.8360656187953199,0.8451597552138266,0.8770453853904873,0.46833168960416016,0.9389086763278098,0.8858136682551048,0.4810414104528672,0.6671806162473131,0.7215776888487259,0.43325837937177525,0.8687084130987845,0.9389086763278098,0.9548203480360181,,,0.8022440572328993,0.7699859850222526,72.48157323000848,0.8527349381345017,72.81553600317397,0.7238896746819116
2024-03-22,0.8080417900847447,0.7886575668725052,0.8129723984190355,0.8186068617002014,0.3560485497825795,0.9483971003099867,0.8984896403575646,0.4248467629272382,0.6734469169625761,0.7242980348375383,0.4421426238609078,0.8771044380476947,0.9483971003099867,0.9647289250637151,,,0.8494623950750636,0.7895278287710059,72.66010338206782,0.8770453853904873,72.48157323000848,0.7699859850222526
2024-03-25,0.8232621022202553,0.9716438009825717,0.8856376834788217,1.0,0.5414051642982024,0.9577626939920156,0.9321215979996937,0.5298783184525014,0.7477934434861948,0.7442370595103509,0.5705493684903938,0.9143153658535101,0.9577626939920156,0.9290125327646325,,,0.8985507490302295,0.8450678066797798,78.67435396110217,0.8186068617002014,72.66010338206782,0.7895278287710059
2024-03-26,0.9622897866673757,0.9747452496865857,0.9943916229955457,0.990182370821685,0.34166853454072715,0.9648252781149871,0.9613509612524644,0.5205087337872025,0.797762098940554,0.772126706910645,0.6298404210124283,0.9397592472553018,0.9648252781149871,0.9061951179305093,,,0.9362630775072954,0.9077139112093751,77.05383568954267,1.0,78.67435396110217,0.8450678066797798
2024-03-27,1.0000000000000002,0.9999999999999999,1.0,0.9864423088723111,0.361694759492536,0.9802708369462905,0.9873396023325685,0.5167216360683868,0.830505119853447,0.8022613326728252,0.6465821448405945,0.9747299056768708,0.9802708369462905,0.8888145398998294,,,0.9922082265646655,0.934455385356937,84.12371969207915,0.990182370821685,77.05383568954267,0.9077139112093751
2024-03-28,0.9613811746929467,0.9723970220261379,0.9339185791429451,0.8976156815269882,0.5086957009010625,0.9940582218668272,1.0,0.4298365291304117,0.8151729560199088,0.8227058983199631,0.5743193947497394,0.9888521773243624,0.9940582218668272,0.900188787864599,,,0.9580801204069948,0.9385694445842372,56.12244302160997,0.9864423088723111,84.12371969207915,0.934455385356937
2024-04-01,0.7932757406073131,0.8130261648395901,0.8085833106483958,0.7746610669174755,0.3984802976644103,0.9962691145576454,0.9964316390189814,0.3281792451535309,0.7486297710330478,0.8231631642762566,0.4252659084552267,0.9899220298048779,0.9962691145576454,0.9038920427231677,,,0.8862396857722583,0.929780285627692,38.99497092491084,0.8976156815269882,56.12244302160997,0.9385694445842372
2024-04-02,0.7214901951311375,0.6991582080885739,0.7100707309610121,0.6928471337510752,0.3301183485004707,0.9973745638314901,0.9832068216572243,0.2700726893932266,0.659261538292687,0.8021772682119434,0.26535546003113797,0.9893638528094024,0.9973745638314901,0.9074631245272241,,,0.7883746273985129,0.8683497123779069,37.12918263805145,0.7746610669174755,38.99497092491084,0.929780285627692
2024-04-03,0.6733302941555441,0.6614975784509654,0.6934894019831869,0.6626928341260612,0.2562245035190747,1.0,0.9675571574200588,0.24964189564683614,0.5737968841653862,0.7649694790103807,0.14438215379149366,0.9864743691191995,1.0,0.9184043019692331,,,0.7100670115982041,0.8028518050387822,0.0,0.6928471337510752,37.12918263805145,0.8683497123779069
2024-04-04,0.6756019540790238,0.6911830059878875,0.6778834206755754,0.6489013835534047,0.428675976150984,0.9978965779649398,0.9517128517884526,0.24005837507144345,0.4989426758616726,0.7173192052848192,0.06650826647536234,0.9881800204233713,0.9978965779649398,0.9105970078698079,,,0.6681471171435137,0.735343619975001,0.0,0.6626928341260612,0.0,0.8028518050387822
2024-04-05,0.6224442972818496,0.6366859043107157,0.6642282277271006,0.6353436478406606,0.24127179809028557,0.9910796544422635,0.9357209981021752,0.23023565172225413,0.43334849148252375,0.6635273333823395,0.02070785151940946,0.9911457410723157,0.9910796544422635,0.8893246995342868,,,0.6489792885067088,0.6828892132377354,0.0,0.6489013835534047,0.0,0.735343619975001
2024-04-08,0.6724215955228438,0.6725742292556656,0.6461838539892771,0.6241234174074836,0.34010176177881385,0.9760947004512073,0.9198812527784028,0.22174839466050744,0.3766965386570283,0.606958645958389,0.0,0.9858190455503157,0.9760947004512073,0.8611975519539822,,,0.6361228162671829,0.652781683335737,0.0,0.6353436478406606,0.0,0.6828892132377354
2024-04-09,0.5933666343016077,0.6030128757234503,0.6281394802514538,0.6227209053227323,0.29660868785583,0.9712430148759252,0.9053786910059167,0.22062450459211114,0.3316430957922233,0.5509396027356144,0.00409892209923457,0.988324131850562,0.9712430148759252,0.8454374896999857,,,0.6273959901902922,0.6387564376500684,0.0,0.6241234174074836,0.0,0.652781683335737
2024-04-10,0.5801908074314017,0.6012406132848611,0.6159473320629769,0.6096306884999236,0.24910790334872462,0.9668212265658531,0.8906579190726387,0.20956456819825475,0.29149158755041693,0.4965314369026286,0.016111895069816085,0.9911578921638204,0.9668212265658531,0.8302077308505977,,,0.6188250037433799,0.6281440085248409,0.0,0.6227209053227323,0.0,0.6387564376500684
2024-04-11,0.5888232277963771,0.6123172640895613,0.6196049672176491,0.6479663457735335,0.29714887703411486,0.9630135721859063,0.8820231043798628,0.25437707946435406,0.276312227726308,0.4493782769522262,0.07021544765634302,0.9918303172473577,0.9630135721859063,0.8198738838541694,,,0.6267726465320631,0.6279570009688668,41.94374050288667,0.6096306884999236,0.0,0.6281440085248409
2024-04-12,0.6183552834221048,0.6070004767737937,0.6169226797331908,0.600280533626489,0.31775787869278704,0.9599735925397048,0.8683842408013924,0.21102834378070734,0.2462889016575942,0.40448262609743935,0.08705061830209104,0.9941365926341639,0.9599735925397048,0.808840189043804,,,0.6192925226333154,0.6209443781260324,30.597010941992053,0.6479663457735335,41.94374050288667,0.6279570009688668
2024-04-15,0.5801908074314017,0.608241056255399,0.6130211960336265,0.592800365142686,0.3322073788496885,0.9515599073279002,0.8551303645808956,0.20430252690720863,0.2211411536124921,0.36255784747331016,0.10920563024289459,0.9965680123858776,0.9515599073279002,0.7845183378485316,,,0.6136824148475696,0.6146797676730729,32.156848372152865,0.600280533626489,30.597010941992053,0.6209443781260324
2024-04-16,0.559291215499785,0.5602569968566562,0.5725432677686314,0.5829826913793157,0.28354328237772897,0.9424092608142582,0.8419392060342152,0.1950618177443766,0.19916017192098937,0.3237663651591481,0.13257190511834832,0.9986520086627768,0.9424092608142582,0.7589476133447589,,,0.5920211967161636,0.6067321248843897,32.5396768330135,0.592800365142686,32.156848372152865,0.6146797676730729
2024-04-17,0.5656519326121451,0.5897208863069962,0.5959522164753713,0.6035530766859273,0.35936253194064643,0.9375882828140134,0.832517706852033,0.22375622276942397,0.1921272624218546,0.2910528883224864,0.1778980832490328,1.0,0.9375882828140134,0.7450824662027604,,,0.593112044402643,0.6055166025215903,43.00341630190525,0.5829826913793157,32.5396768330135,0.6067321248843897
2024-04-18,0.5870058738601119,0.6645990271549791,0.6252133442221034,0.6647966245457159,0.45399762406419514,0.9252441187789853,0.831476435039413,0.30337842982409535,0.21323722271874987,0.2699256632919188,0.2643015120011175,0.986797848105875,0.9252441187789853,0.7357768167308995,,,0.6171107975369863,0.6088826582760267,64.89898156735407,0.6035530766859273,43.00341630190525,0.6055166025215903
2024-04-19,0.6678781890176131,0.6978289795690799,0.7027554606516677,0.7101449759982486,0.4994205854664455,0.9142817663362628,0.8360751453866788,0.3560497542459866,0.24976574422890288,0.26175121658642303,0.3608956891243207,0.9697360143210931,0.9142817663362628,0.7359087716085133,,,0.6594982257432972,0.6308555467503787,66.18005317834468,0.6647966245457159,64.89898156735407,0.6088826582760267
2024-04-22,0.7187641858913076,0.7540983859389104,0.7368934197681779,0.7985039952835253,0.5162269691128346,0.9129613698940309,0.8510318841398745,0.4442256511737076,0.3152490407067887,0.27085681899198394,0.48976009818320193,0.9673726145539681,0.9129613698940309,0.736409669339588,,,0.7244818652758299,0.6719962727785466,92.57026643507832,0.7101449759982486,66.18005317834468,0.6308555467503787
2024-04-23,0.7601090204381908,0.8373947628066749,0.8119970972581758,0.875175309830745,0.44517528130183354,0.9047626347790492,0.8739321295055267,0.5072734904415198,0.3979728071910513,0.2979055249709749,0.6235691761442635,0.9396647320634877,0.9047626347790492,0.7600204829246464,,,0.794608093704173,0.7304347964688324,96.74922543487769,0.7985039952835253,92.57026643507832,0.6719962727785466
2024-04-24,0.8300771686489656,0.8524590146617186,0.8412581784955536,0.8307620853281941,0.3916741381629085,0.8942915918231753,0.8892248426479832,0.4499708401635214,0.44458339759885246,0.3306806141267145,0.6662731626534384,0.9042636979682699,0.8942915918231753,0.7901968477780815,,,0.8348137968141548,0.7758765981972857,86.80556935292921,0.875175309830745,96.74922543487769,0.7304347964688324
2024-04-25,0.7537483033258308,0.7820115087831738,0.7851743154323014,0.8195418994800725,0.2921470838750168,0.883329239380453,0.9016901870453786,0.43566833303159014,0.47571315341506537,0.3643381546921666,0.6728539645195054,0.8631268709985898,0.883329239380453,0.8281986755511088,,,0.8418264315463372,0.806825653184157,83.00001498631477,0.8307620853281941,86.80556935292921,0.7758765981972857
2024-04-26,0.7741935026119615,0.7740363911906264,0.8080956135586117,0.805049081402402,0.21712915228403643,0.8772492800880498,0.9111975747482941,0.41659317160459564,0.49304364400746314,0.395404758997098,0.6535322908381731,0.8425345022377376,0.8772492800880498,0.8457785286846581,,,0.8184510220702229,0.8258064742649877,75.0,0.8195418994800725,83.00001498631477,0.806825653184157
2024-04-29,0.7482961981878997,0.734603456860359,0.747134872616227,0.7531557330011034,0.25807257811449325,0.8758367667775782,0.913458993898707,0.35087893224674094,0.48432962705336496,0.4181761040717519,0.5916711426533591,0.8396310412412908,0.8758367667775782,0.8469045275659907,,,0.7925822379611928,0.8167368218085034,57.491860370839674,0.805049081402402,75.0,0.8258064742649877
2024-04-30,0.6951385413907255,0.688967709630203,0.7008046722925313,0.6718092295545282,0.25561819159904964,0.8744549551852723,0.9055658516412237,0.26202944562416053,0.4434690288160542,0.4266308342798934,0.484906277424114,0.8387092240728341,0.8744549551852723,0.8449882030867737,,,0.7433380146526778,0.7760636057532599,27.37895579822863,0.7531557330011034,57.491860370839674,0.8167368218085034
2024-05-01,0.6360745167975415,0.6526362240039495,0.6530114737181919,0.6376811531202277,0.3134509346841799,0.8728121379904594,0.8942545545714136,0.22878328323281327,0.3968705828943813,0.4222613956141917,0.38927119369384267,0.838491403211673,0.8728121379904594,0.8413286389090344,,,0.6875487052252863,0.7374474193116668,0.0,0.6718092295545282,27.37895579822863,0.7760636057532599
2024-05-02,0.6392548753537215,0.6269383975173706,0.6512070037878614,0.6512388888329718,0.24025754247545614,0.8729656700087729,0.8856770534326,0.24603031596820046,0.365478177507062,0.41126562364413644,0.3398559102068107,0.8385132069726954,0.8729656700087729,0.8416683730437776,,,0.6535764238359092,0.7037868171822466,6.561083580903812,0.6376811531202277,0.0,0.7374474193116668
2024-05-03,0.667423839701263,0.6747895256133499,0.6812972537947098,0.661056562596342,0.28061146725243197,0.8746545456377057,0.8791160134160947,0.258954084967703,0.34485351937116027,0.39754139721068066,0.3195087069199172,0.8386744011470696,0.8746545456377057,0.8455292173416324,,,0.6499922015165138,0.6749883134210346,11.38951827513172,0.6512388888329718,6.561083580903812,0.7037868171822466
2024-05-06,0.6606087732725526,0.7163048249985384,0.708022458995144,0.7208976429564345,0.2966389474156095,0.8810108701770059,0.8804914179118515,0.33390035406162677,0.35301038894153414,0.38851084171129774,0.3545113349419136,0.8415967433020719,0.8810108701770059,0.8564175239981981,,,0.6777310314619162,0.6685366954121008,33.20896425287454,0.661056562596342,11.38951827513172,0.6749883134210346
2024-05-07,0.6942298427580251,0.6792202028368579,0.6954400973236146,0.6792894426233864,0.2452257139014659,0.8847264047602774,0.8766520022739768,0.2850676752503557,0.34283967874667964,0.37885642822759646,0.3498589702426482,0.8416264462956726,0.8847264047602774,0.8654225059467636,,,0.6870812160587211,0.6700327380258726,34.630354814996494,0.7208976429564345,33.20896425287454,0.6685366954121008
2024-05-08,0.6410721859608509,0.6451040980764278,0.6505730347786255,0.6713417998347031,0.2521966198951002,0.8887797138836482,0.8722071756620609,0.2758630269086234,0.33195774847941023,0.36853300484520907,0.3448698892108375,0.8406127677485576,0.8887797138836482,0.8768916020959995,,,0.6905096284715081,0.6767648673687676,49.859967473558875,0.6792894426233864,34.630354814996494,0.6700327380258726
2024-05-09,0.6715128968901434,0.6754541821271666,0.6934894019831869,0.6816269479029536,0.29163491280763887,0.8909906095029019,0.8694423396980402,0.28998802214240516,0.32797248234083154,0.35932211301296835,0.35316649299058495,0.8409105700209204,0.8909906095029019,0.8818092961356166,,,0.6774193967870143,0.6828424791827639,65.35948853128521,0.6713417998347031,49.859967473558875,0.6767648673687676
2024-05-10,0.6960472400234259,0.7058041816697662,0.6627651829671024,0.633941091170854,0.3842493387725826,0.8932015021937203,0.8611144038075591,0.23232311682789686,0.306130718818467,0.3467350019046499,0.32798864198629696,0.8391614206775666,0.8932015021937203,0.8899468301626979,,,0.6623032796361703,0.6774193848976664,45.11873496987879,0.6816269479029536,65.35948853128521,0.6828424791827639
2024-05-13,0.6369831287719705,0.6623837307972947,0.6559375632381877,0.633006097976038,0.2844409826511857,0.8958422950781841,0.8534653640694654,0.23121562759364056,0.28934233534381826,0.3326542604921209,0.3168500285907268,0.8366683418629419,0.8958422950781841,0.9003018759379419,,,0.6495247123499485,0.659841075901587,41.66667328940603,0.633941091170854,45.11873496987879,0.6774193848976664
2024-05-14,0.5965469928577878,0.6158617467126704,0.6374054924105803,0.6241234174074836,0.25494687766172053,0.8985445001842864,0.8454594886535699,0.2201184124845197,0.27350937432215855,0.3176068827721522,0.3096414254361577,0.8333708622745303,0.8985445001842864,0.9120718521973782,,,0.6303568688514586,0.6488078708584064,8.764915413623143,0.633006097976038,41.66667328940603,0.659841075901587
2024-05-15,0.6469786404151321,0.6659282556744732,0.6461838539892771,0.7064049140488746,0.4500089657954902,0.9053000144137595,0.8482695063175609,0.34315936357433163,0.29525487203327216,0.3107643785719421,0.3708285303298602,0.8311638738314898,0.9053000144137595,0.9320010736668277,,,0.6545114764774653,0.6558204937012407,58.579877816865235,0.6241234174074836,8.764915413623143,0.6488078708584064
2024-05-16,0.6715128968901434,0.6761187541328441,0.7047061559920955,0.6760168103938375,0.25834827632581703,0.9060369786440321,0.8470989830016228,0.30165632733481196,0.3008993660364119,0.30663894828688654,0.39109086420376427,0.8310956227233529,0.9060369786440321,0.9339038086506736,,,0.6688483806167319,0.6546984661994175,51.2953161774189,0.7064049140488746,58.579877816865235,0.6558204937012407
2024-05-17,0.6710585475737931,0.6814355837026814,0.6812972537947098,0.6554465142573366,0.35143788945174165,0.9024442743609082,0.8435265904413005,0.2743622292177901,0.2978117064627086,0.3026009055930641,0.39174254929047625,0.8304031662132294,0.9024442743609082,0.9262405719770636,,,0.6792894129000162,0.658999550816714,43.137264526697265,0.6760168103938375,51.2953161774189,0.6546984661994175
2024-05-20,0.6474329897314823,0.7257421869214823,0.6700804532764468,0.7620383243995471,0.4120601156587618,0.9000491362198688,0.8533181699977541,0.41018682912471993,0.33903902932526503,0.3092204345242436,0.47122042927982266,0.8249379839801798,0.9000491362198688,0.9290022993715937,,,0.6978338830169072,0.6848059961014159,75.6554278354308,0.6554465142573366,43.137264526697265,0.658999550816714
2024-05-21,0.7455701889480698,0.7474524123577181,0.7788344393025253,0.7671809430187277,0.322527681893576,0.8929558503787316,0.8628055605292868,0.4158677002756176,0.3737320226224938,0.3228048496547359,0.5231604404724135,0.8007413957976698,0.8929558503787316,0.9497829318473844,,,0.7282219272252038,0.7134175012236648,76.42724880478994,0.7620383243995471,75.6554278354308,0.6848059961014159
2024-05-22,0.7401180838101389,0.7975188368113819,0.7905388904012182,0.7681159807985988,0.4256903662527458,0.8888411290337221,0.8715036361044546,0.4169672704021128,0.4012186495518235,0.34023944073411283,0.5518727806536851,0.7872609381086962,0.8888411290337221,0.9609634458599384,,,0.7657784160722912,0.7257597145736095,79.27756829784222,0.7671809430187277,76.42724880478994,0.7134175012236648
2024-05-23,0.7569286618820108,0.7363757615530179,0.7222628791494891,0.705002357379068,0.36630990272111896,0.8813179429989393,0.8716618897031656,0.32347828279147184,0.3969974258687913,0.3531785858890548,0.5183483977780718,0.7674851541912641,0.8813179429989393,0.9737428564936764,,,0.7467664270654648,0.7315568239706556,49.690714594991285,0.7681159807985988,79.27756829784222,0.7257597145736095
2024-05-24,0.6915038335181952,0.7093487065469448,0.724701271579701,0.730247753244814,0.35099632402384906,0.8764048422735833,0.8748896385240856,0.35682598994796244,0.40350373105244347,0.3650843775752569,0.5106422574053042,0.751817479483928,0.8764048422735833,0.9864188600694285,,,0.7344553638074935,0.7465170717681511,62.23629082492464,0.705002357379068,49.690714594991285,0.7315568239706556
2024-05-28,0.7219445444474877,0.7439078874805396,0.7422579947370945,0.7330528665844274,0.4233502936298023,0.8750844458313514,0.8781527208353093,0.3605974672682255,0.40931929236343984,0.3759984551146656,0.5032466385236376,0.7483582782464182,0.8750844458313514,0.9886434493539494,,,0.7227676590694365,0.7407199802051272,69.0366928329198,0.730247753244814,62.23629082492464,0.7465170717681511
2024-05-29,0.6933212307835961,0.691847577993565,0.7256766657592693,0.7040673195991969,0.24431904783251895,0.87720322165393,0.8775634822225389,0.31647170645079914,0.40174703802850475,0.3829205667939524,0.4734769128566729,0.7499005554234016,0.87720322165393,0.9913791688447272,,,0.7224559798094794,0.728097255521221,27.037063985831963,0.7330528665844274,69.0366928329198,0.7407199802051272
2024-05-30,0.6887778242783654,0.6969428272227505,0.6964154915031828,0.6722767484444636,0.34493432554803427,0.879475529494822,0.8731460831480096,0.27084660026467267,0.3826443826904895,0.38389428164512934,0.4291172795491706,0.74878742886411,0.879475529494822,0.9986658597012886,,,0.7031323115426961,0.708929409050394,18.960256599450616,0.7040673195991969,27.037063985831963,0.728097255521221
2024-05-31,0.6656065290941334,0.6499778514731004,0.6622774858773183,0.6573165006469682,0.27416169812166585,0.8798747191849954,0.8673214955814434,0.24999735601959538,0.36149169405167314,0.37961948850325766,0.3899770041588501,0.7485575217317514,0.8798747191849954,0.9999999999999999,,,0.6778868562302095,0.6993922377039741,16.806725831846748,0.6722767484444636,18.960256599450616,0.708929409050394
2024-06-03,0.6619718212216033,0.6637128748086497,0.6559375632381877,0.6379149125651955,0.29144775182678084,0.8783547293618945,0.8596810796480339,0.2230840432694785,0.33718841951895884,0.3703931562498998,0.3530513474415136,0.749648350936875,0.8783547293618945,0.9945811636103689,,,0.6558360538855424,0.6809256695680503,22.77040273992138,0.6573165006469682,16.806725831846748,0.6993922377039741
2024-06-04,0.6269877037870802,0.6446611064114022,0.6520360795386236,0.6582515384268393,0.33627336710449635,0.8742400080168851,0.8552531194138182,0.2599560085350806,0.3266691032510499,0.3604988329825756,0.3480698646506836,0.746436739853905,0.8742400080168851,0.9896088208904116,,,0.6511609838796676,0.6659654039365327,19.565268197067354,0.6379149125651955,22.77040273992138,0.6809256695680503
2024-06-05,0.6578827640327228,0.643331877891908,0.6632528800568865,0.6708742809447676,0.30269646299367914,0.8736872833799625,0.8527891586224077,0.28271096173106225,0.32396795669049216,0.35193802094616417,0.35801440448622135,0.7462512678096035,0.8736872833799625,0.988554031957621,,,0.6556802439789342,0.6593267962056469,25.729943266854633,0.6582515384268393,19.565268197067354,0.6659654039365327
2024-06-06,0.6478873390478325,0.663092585067847,0.6876371299244861,0.6694717242749609,0.32849553951674365,0.873564453079815,0.8503884916935549,0.280355770970957,0.3217845416303313,0.34456771343941295,0.36689248473417785,0.7462289116817703,0.873564453079815,0.9882899615526818,,,0.6661991812155226,0.6587657913717463,32.790715210872776,0.6708742809447676,25.729943266854633,0.6593267962056469
2024-06-07,0.6522035275657524,0.700487352099929,0.6634966820924243,0.6344086100607895,0.5004426861523289,0.8704630582835395,0.8439323310172963,0.22285559004012168,0.3064995495719059,0.33501960267309,0.35065171317805716,0.7468226556279792,0.8704630582835395,0.9798004539433286,,,0.6582515384268394,0.6541842132545106,31.756778816413558,0.6694717242749609,32.790715210872776,0.6587657913717463
2024-06-10,0.6174465847894044,0.6189632799248231,0.6486222929288434,0.6400187029848502,0.2521327386022325,0.8708622479737129,0.8387765027235711,0.2347009519654939,0.2974752651844591,0.32522504711403083,0.3488138733445312,0.7464802195712417,0.8708622479737129,0.9813116018129483,,,0.6479663457735336,0.6546049713384414,40.84159339038061,0.6344086100607895,31.756778816413558,0.6541842132545106
2024-06-11,0.6024534039829332,0.6118741879163966,0.5983906089055833,0.6517064077229073,0.3402922849329807,0.8720905216908341,0.8355397485935855,0.2600066479154536,0.29590223287727574,0.31701357641653516,0.36061958604038785,0.7456002511514087,0.8720905216908341,0.9856880825468338,,,0.6420445735895157,0.6532959451976551,57.95147832256272,0.6400187029848502,40.84159339038061,0.6546049713384414
2024-06-12,0.6551567547928929,0.706247257842931,0.6915386136240503,0.7124824812778158,0.5211716053256825,0.8778941215932119,0.8400370809190898,0.37562363737625515,0.3199193217469039,0.3161825225979992,0.4156583798310145,0.745949197662946,0.8778941215932119,0.9992777950279562,,,0.6680691973285245,0.6616175852642647,71.32351703710357,0.6517064077229073,57.95147832256272,0.6532959451976551
2024-06-13,0.6992275985796059,0.7186531371671253,0.7283589532437276,0.7459093239622681,0.3654088402743534,0.8804888501866848,0.8481902994392059,0.4285106885283395,0.352717118066184,0.32335367423367833,0.47533410588930186,0.7511611115071103,0.8804888501866848,0.997400695772593,,,0.7033660709876637,0.6769051052017262,75.35543567084417,0.7124824812778158,71.32351703710357,0.6616175852642647
2024-06-14,0.7210358458147873,0.7385910579107022,0.7468909775619806,0.7339878151941879,0.40940624019366123,0.8842965016381963,0.8541104111005249,0.4036740339010796,0.37378985020760813,0.33412525749228755,0.5021840002654083,0.7555623853884985,0.8842965016381963,0.9997536264218697,,,0.7307932068114239,0.6968209462284058,70.35396213548702,0.7459093239622681,75.35543567084417,0.6769051052017262
2024-06-17,0.6978645506305554,0.76606118908994,0.7266520599388374,0.8055166002923375,0.38505962254000986,0.8941534048070738,0.8682063290596025,0.5045434316271182,0.4189845031423551,0.3535403550567335,0.5666422292932951,0.7732706754584237,0.8941534048070738,0.9959117267526444,,,0.7618045798162645,0.7299205256899033,93.88486938098565,0.7339878151941879,70.35396213548702,0.6968209462284058
2024-06-18,0.7569286618820108,0.7740363911906264,0.8002926461594831,0.8167367861404592,0.34842426144259653,0.8977461090901977,0.8823306985159765,0.5183075818236722,0.45831802440651565,0.37846993228123776,0.6077659644223785,0.7851430631610772,0.8977461090901977,0.9859889740974533,,,0.7854137338756616,0.7629266013734137,94.0559217480554,0.8055166002923375,93.88486938098565,0.7299205256899033
2024-06-20,0.8138118444200224,0.8192290622476178,0.824676942536437,0.8022440572328993,0.4021338593266688,0.9000491245061264,0.8933391197864036,0.4856383933113163,0.482274237496942,0.4041371724608603,0.61326701943588,0.79194504350295,0.9000491245061264,0.9809000409701237,,,0.808165814555232,0.7808789165644303,87.01148596224725,0.8167367861404592,94.0559217480554,0.7629266013734137
2024-06-21,0.743298442366319,0.7350465330335237,0.7446963871673065,0.7143525568375579,0.4034932980678711,0.8965178353730763,0.8925602421868208,0.3203720049469573,0.4644022018038457,0.4204010077014677,0.5431419744883983,0.7857767775145493,0.8965178353730763,0.9819998500752157,,,0.7777778000703055,0.7745675631394884,50.40568877333889,0.8022440572328993,87.01148596224725,0.7808789165644303
2024-06-24,0.655792826504129,0.6557377572161024,0.6905633124631908,0.6778868859535798,0.25472273277446544,0.894736837019033,0.8874000456432776,0.2657371407946796,0.43463643242507777,0.42630048801346565,0.4658507315892576,0.785030537238343,0.894736837019033,0.9788348536929418,,,0.7314945000080124,0.7633473772913668,35.43543864619893,0.7143525568375579,50.40568877333889,0.7745675631394884
2024-06-25,0.664697830461433,0.6659282556744732,0.6988539769521035,0.6825619856828248,0.31676491684224684,0.8916047405045915,0.8833025157276841,0.27379150805804364,0.4124306778961152,0.4257147104974815,0.4174875057542884,0.7822400091078048,0.8916047405045915,0.9755939983553022,,,0.6916004761579876,0.7387564543694641,38.63637975782977,0.6778868859535798,35.43543864619893,0.7633473772913668
2024-06-26,0.6524306588947918,0.6681435520321577,0.6808095567049257,0.6577840195369037,0.26352378177253777,0.8866609322041987,0.8765677718911349,0.236462593152024,0.384560459439696,0.4185873824630517,0.3687044822529872,0.7789309335415453,0.8866609322041987,0.9687551632659154,,,0.6727442970577694,0.706965901048753,8.854170288476553,0.6825619856828248,38.63637975782977,0.7387564543694641
2024-06-27,0.6610631225889029,0.6538768879936941,0.6854425395298118,0.6563814628670971,0.3151398664096472,0.8835288298328863,0.8703030631595376,0.23432879127928075,0.3619671732047238,0.40748756984230255,0.33908003642985557,0.777885669227092,0.8835288298328863,0.9627690003019068,,,0.6655758226956084,0.6777933821755926,2.7548306348473943,0.6577840195369037,8.854170288476553,0.706965901048753
2024-06-28,0.643798281858952,0.6338059514392147,0.6715434980364449,0.6517064077229073,0.40036199399291705,0.8821777287440531,0.8640637794642216,0.22679342783223555,0.3424501115341749,0.39394473598496715,0.32086142571019277,0.7780410158125137,0.8821777287440531,0.9592331175880445,,,0.6552906300423027,0.6652641523526625,2.923986881683888,0.6563814628670971,2.7548306348473943,0.6777933821755926
2024-07-01,0.652885008211142,0.7208684335248097,0.6973908856827511,0.7438055335426134,0.453740978168288,0.8878585012747184,0.8696716928226547,0.3907426838978827,0.3644704021164161,0.3883715199284464,0.3802941322798748,0.7831396119326677,0.8878585012747184,0.9650524198886757,,,0.683964468044206,0.6784478818704693,58.9743415575693,0.6517064077229073,2.923986881683888,0.6652641523526625
2024-07-02,0.7228532430801881,0.7084625542006155,0.7293343474232957,0.6975222334803203,0.29863719908548886,0.891773629238859,0.869090470627208,0.31348551989634965,0.3631512823086157,0.38359778518303855,0.38625619211246354,0.7827225678292824,0.891773629238859,0.9752463783840305,,,0.6976780582486137,0.6814399314299684,55.64516046334199,0.7438055335426134,58.9743415575693,0.6784478818704693
2024-07-03,0.6592458119817733,0.6494462107701862,0.6808095567049257,0.661056562596342,0.2159221320661676,0.8919578688322096,0.8641091051635974,0.2594054324032512,0.3475081783043132,0.3760413731180971,0.36550462676223483,0.7826506474309998,0.8919578688322096,0.9758083493928907,,,0.7007947765397585,0.682094440041856,44.77271781480344,0.6975222334803203,55.64516046334199,0.6814399314299684
2024-07-05,0.6097228197279938,0.6194062715898488,0.6417946731999288,0.6563814628670971,0.34634980051105035,0.8910059515766784,0.859030936120337,0.2526138388542877,0.33360117304898323,0.3666736050095606,0.35199660229697066,0.7829051091438043,0.8910059515766784,0.9730890419436945,,,0.6716534196479199,0.682094440041856,49.62215771510276,0.661056562596342,44.77271781480344,0.682094440041856
2024-07-08,0.6519763095784417,0.6384581244952354,0.6442331121394949,0.6269284861620416,0.3666528443986193,0.8882116266739009,0.8508377389157697,0.21019776570126059,0.3112517356538665,0.3538397002868656,0.32614820084682233,0.7846587047713086,0.8882116266739009,0.9635231690467737,,,0.6481221705418269,0.6771388557296829,43.10722972826329,0.6563814628670971,49.62215771510276,0.682094440041856
2024-07-09,0.6197182880420197,0.6025697995502857,0.6398439313501467,0.617578331288607,0.2678217599856547,0.8871061803284919,0.8422824129782494,0.19701318855795358,0.2906242115373211,0.33864428291599186,0.30853743308008497,0.7859225879258074,0.8871061803284919,0.9588420212675018,,,0.6336294267725818,0.6518934152788816,42.184159204386496,0.6269284861620416,43.10722972826329,0.6771388557296829
2024-07-10,0.6063607387769279,0.5888347339606668,0.6369178418301505,0.61570830031392,0.17727843277894834,0.8855094244962345,0.8343133933414343,0.19425287767852295,0.2745879672343697,0.32265659632747357,0.3026291567846215,0.7875642647805371,0.8855094244962345,0.9523696879319267,,,0.6200717059215228,0.6355306286456015,0.0,0.617578331288607,42.184159204386496,0.6518934152788816
2024-07-11,0.6206269433455844,0.6092157731314779,0.6281394802514538,0.6054231076606142,0.3803402519388533,0.8824694448500328,0.8258466486804802,0.1784484624460453,0.25894859741287934,0.30612991495276126,0.2986096517379451,0.7903252621891376,0.8824694448500328,0.9406207171073236,,,0.612903246421047,0.624403937658456,0.0,0.61570830031392,0.0,0.6355306286456015
2024-07-12,0.5929122849852576,0.6209570804499948,0.6369178418301505,0.6470313525787178,0.32773456762451253,0.8781704839116726,0.8232700953307278,0.26926644377585296,0.2646603979661224,0.29427322369658343,0.3334356822120538,0.788339501666795,0.8781704839116726,0.9332712756132532,,,0.6227209201844174,0.6225339156007801,42.788479613835314,0.6054231076606142,0.0,0.624403937658456
2024-07-15,0.6783279633188536,0.7368188377261825,0.7198243937005685,0.7615708055096116,0.6524286098534093,0.8791991613194896,0.8349337418743931,0.44963105898972755,0.31635475855980083,0.29713860094186645,0.4432241813865859,0.79070015269324,0.8791991613194896,0.9320640220657693,,,0.671341755249648,0.6494623794702941,75.39504304452562,0.6470313525787178,42.788479613835314,0.6225339156007801
2024-07-16,0.7401180838101389,0.7979619129845467,0.7959034653701348,0.8312296042181296,0.5533128614336308,0.885586196362262,0.853997710195515,0.5262212914615948,0.38544348198067585,0.31593746508849363,0.5620467241116149,0.8086697762395775,0.885586196362262,0.9193578284720744,,,0.7466105874354865,0.6921926340561987,91.30434860990728,0.7615708055096116,75.39504304452562,0.6494623794702941
2024-07-17,0.7810085690406718,0.8125830886664254,0.7861497096118697,0.7975689575036542,0.4432554803424934,0.8850641793003768,0.8671332919678976,0.46639264189828245,0.42583684109884407,0.3406272702678018,0.6059778860023197,0.8070527144194662,0.8850641793003768,0.9206297339498603,,,0.7967897890771317,0.7285647654941455,83.13251192625884,0.8312296042181296,91.30434860990728,0.6921926340561987
2024-07-18,0.7914584300001836,0.7700487901402833,0.7178736983601407,0.7040673195991969,0.4182095306406061,0.8776638235657415,0.8675935227710712,0.3275512170330622,0.4192307063375254,0.35880078773312213,0.5573832575887114,0.7898453336234933,0.8776638235657415,0.9296682927319083,,,0.7776219604403268,0.748293607881862,62.16215453250459,0.7975689575036542,83.13251192625884,0.7285647654941455
2024-07-19,0.6855974657221854,0.7237483863963106,0.7329919360686137,0.7400654715932395,0.36793271170484604,0.8735798097957688,0.8724082968088303,0.3713550008391865,0.42793790284796296,0.3754199105456673,0.5457914995394838,0.7783138456399393,0.8735798097957688,0.9378578939230732,,,0.7472339162320303,0.7669004316847664,67.30768767863478,0.7040673195991969,62.16215453250459,0.748293607881862
2024-07-22,0.728759610876198,0.7292867117986607,0.736161920642856,0.7536231627209283,0.3375947012148653,0.8761591816732879,0.878421045034075,0.38753664826240275,0.4395220675396242,0.39148287806635096,0.5416440215682055,0.7833094338493948,0.8761591816732879,0.9362836623721374,,,0.7325853179711216,0.7653109031270298,64.76682913716701,0.7400654715932395,67.30768767863478,0.7669004316847664
2024-07-23,0.7242162043709673,0.7483385647040475,0.7510363563157914,0.7218326807363057,0.35658761823642804,0.8790456293011761,0.8799768830414243,0.3419271966004569,0.4349975537880964,0.4032522628179801,0.5096250149829997,0.7862298433872549,0.8790456293011761,0.9387217702675096,,,0.7385071050168245,0.743431518430665,42.857156595546606,0.7536231627209283,64.76682913716701,0.7653109031270298
2024-07-24,0.711040420829897,0.6996012842617386,0.7090953367814439,0.6806919101230825,0.36337472542251315,0.8789227990010284,0.8763578288993976,0.28692100027528766,0.41414487451270804,0.40768568333225585,0.4549177227613155,0.7861648794651181,0.8789227990010284,0.9385247217612783,,,0.7187159178601056,0.7200561089545505,19.850176697629536,0.7218326807363057,42.857156595546606,0.743431518430665
2024-07-25,0.6451612431497313,0.6459459681578824,0.6627651829671024,0.6624591192661488,0.2809588918276774,0.8792298688945266,0.8708557031464881,0.2635987071859561,0.3899464892212272,0.4054509819660584,0.40519080473363744,0.7861614261558119,0.8792298688945266,0.939278230808228,,,0.6883279033751789,0.711734468887941,21.15768105922224,0.6806919101230825,19.850176697629536,0.7200561089545505
2024-07-26,0.6796910112679042,0.6874169852781962,0.7169958808060127,0.7064049140488746,0.2935771282557045,0.8825155091410237,0.8712470337159155,0.3266339490927752,0.3883993878610025,0.40329359000136805,0.40576733262866105,0.7877565861546246,0.8825155091410237,0.944773455584497,,,0.6831853144793687,0.7050023573790679,50.63292606197096,0.6624591192661488,21.15768105922224,0.711734468887941
2024-07-29,0.7151294780187775,0.7044749531502722,0.694464796162755,0.6676017378853293,0.33995382615322545,0.88355954619323,0.8668599927228406,0.2749697032131764,0.3713502231510413,0.3974943184867739,0.3786083440722172,0.7876426292300731,0.88355954619323,0.9474961697827816,,,0.6788219237334508,0.6877980724119481,30.673318131615645,0.7064049140488746,50.63292606197096,0.7050023573790679
2024-07-30,0.6506133482876624,0.6353566757912217,0.6695927561866627,0.6400187029848502,0.20220334424171785,0.8767426197421184,0.8595205776000161,0.24038891921768124,0.34686053820209206,0.3870038666700886,0.343624289713782,0.7824366837086506,0.8767426197421184,0.9390778541808523,,,0.6713417849730181,0.671435276861657,21.80975504733739,0.6676017378853293,30.673318131615645,0.6877980724119481
2024-07-31,0.644252544517031,0.6479840509479288,0.6830041470996,0.6540439575875299,0.24534002779396605,0.8738868796892671,0.8545938069603658,0.26239415347887585,0.3335476768446815,0.37543081862741573,0.3355509259163376,0.7811556443039003,0.8738868796892671,0.9341358324161492,,,0.6538881328192364,0.6661056863545465,31.552163529088006,0.6400187029848502,21.80975504733739,0.671435276861657
2024-08-01,0.6347114688484908,0.6251661773328508,0.631797115406126,0.6115007194746106,0.3036535616622585,0.8706319528746782,0.8449381772961988,0.2086084749863969,0.30640184934722847,0.3596867444490723,0.30444587438043547,0.7826785169132456,0.8706319528746782,0.923810777578422,,,0.6351877933489969,0.6559140063962389,31.313141773284684,0.6540439575875299,31.552163529088006,0.6661056863545465
2024-08-02,0.5856428692401969,0.5799734217677205,0.5501097132414597,0.536231872427087,0.42487111668982835,0.8627402876531944,0.8270055316621413,0.12822863628265485,0.25557135719481383,0.33494714886060906,0.23736258409337965,0.7921631718845233,0.8627402876531944,0.8896659479169714,,,0.6005921831630758,0.6218793980718814,23.93822770566308,0.6115007194746106,31.313141773284684,0.6559140063962389
2024-08-05,0.3659700009646149,0.4452813496727285,0.3599122201049614,0.4759233177621143,0.4865423409692025,0.8528219664058072,0.8034120559067743,0.07515606055246055,0.19277804855460823,0.30015300001900963,0.1623816592713893,0.8091575071544986,0.8528219664058072,0.8387711242628125,,,0.541218636554604,0.5835437140472385,5.424956631975121,0.536231872427087,23.93822770566308,0.6218793980718814
2024-08-06,0.48023625427854916,0.4683208036284583,0.48183370198973063,0.47919590540660784,0.2516418612991438,0.8437327321138037,0.7824654335580773,0.08099692851372703,0.146888405151548,0.261353804026832,0.13251438105966312,0.821287210618095,0.8437327321138037,0.7975481516064888,,,0.4971170318652696,0.5513791545315899,7.756827165109527,0.4759233177621143,5.424956631975121,0.5835437140472385
2024-08-07,0.4825079142020287,0.4674346512821289,0.44086807663495153,0.4240299247757604,0.27030752678531406,0.8311429133353515,0.7567733634033214,0.03566219075522736,0.09127208206943177,0.21702668825884314,0.09129041747850558,0.8390031919692507,0.8311429133353515,0.7390099371496484,,,0.4597163826481608,0.505376347969236,6.90299871769983,0.47919590540660784,7.756827165109527,0.5513791545315899
2024-08-08,0.433439314593735,0.4554718903851688,0.4540356190029967,0.4777933487368011,0.28736495270542883,0.8227599356985839,0.7400971522230908,0.12962224044907433,0.07246033017143116,0.17707052331597953,0.12388638936985802,0.8456023018970451,0.8227599356985839,0.7082071342545082,,,0.4603397263063898,0.47863487382167413,19.64573385150136,0.4240299247757604,6.90299871769983,0.505376347969236
2024-08-09,0.4525215525890865,0.4452813496727285,0.4574494056127768,0.4417952413278139,0.25848500470704266,0.8092796177431096,0.7206107823393558,0.09749683859178493,0.04661285802828968,0.13893015650914511,0.1374275403391514,0.8528639023546573,0.8092796177431096,0.6639442065081484,,,0.44787283828012514,0.45974754760181946,20.098849039342085,0.4777933487368011,19.64573385150136,0.47863487382167413
2024-08-12,0.4125397226621183,0.41072221099320316,0.4042916320695207,0.4277699867251342,0.2961469493880845,0.787354912857665,0.7012666046397381,0.08524007178321175,0.024381070251024817,0.10310628147791306,0.154702569005693,0.8456000910851459,0.787354912857665,0.6219576642586749,,,0.449119525596583,0.4501168813944235,25.630256478273225,0.4417952413278139,20.098849039342085,0.45974754760181946
2024-08-13,0.41572012454743384,0.4116083210854631,0.433065109235823,0.4240299247757604,0.21616196709553057,0.7606092241151042,0.6833077562867287,0.08184070452886527,0.009370251352126713,0.07086082168512814,0.181388278178518,0.8195349788225192,0.7606092241151042,0.5978007209512798,,,0.4311983842762362,0.439083685268254,34.36620285860501,0.4277699867251342,25.630256478273225,0.4501168813944235
2024-08-14,0.4198091817363144,0.41315908769153953,0.434528153995821,0.4198223439364509,0.19744362756085534,0.7357980716017716,0.6665451781287602,0.07779116953398041,0.0,0.04282572905581927,0.21278671188407314,0.7950317136268017,0.7357980716017716,0.5758998732767341,,,0.42387408514578184,0.43824216910039215,32.21287722230174,0.4240299247757604,34.36620285860501,0.439083685268254
2024-08-15,0.4179917844709136,0.43154632633717915,0.4476956963638662,0.43571762951381754,0.24651118482987405,0.7181723276546869,0.6533211751982761,0.11095928712451497,0.00323745811141829,0.021171143034463158,0.2603687649353018,0.7827000190353959,0.7181723276546869,0.552358127513926,,,0.4265232994086763,0.42982702525579536,54.57875534651569,0.4198223439364509,32.21287722230174,0.43824216910039215
2024-08-16,0.4211721863562293,0.4381922999183714,0.44964643821364825,0.4595605578798674,0.24466759313220068,0.6997482043272554,0.6442698099369742,0.1597753669162154,0.01951093828767042,0.007735506907618428,0.32166084312523363,0.7593850602244107,0.6997482043272554,0.5441480201735854,,,0.4383668437767119,0.43338008856620613,40.6698717422214,0.43571762951381754,54.57875534651569,0.42982702525579536
2024-08-19,0.4488868447165562,0.45059813698849627,0.47110459856125175,0.4675082006685507,0.2117082081857713,0.6809556018131232,0.637051549068683,0.17601675192627964,0.039422211049874645,0.0017441660221584887,0.3771760040472645,0.7286806763394742,0.6809556018131232,0.5466637694348976,,,0.4542621293540785,0.44132773135488945,68.45637326154534,0.4595605578798674,40.6698717422214,0.43338008856620613
2024-08-20,0.46842343202825804,0.4554718903851688,0.45793710270256105,0.4511453962012485,0.2370388218944726,0.6631763199908539,0.6285214793806605,0.15399824977089205,0.05218350357753798,0.0,0.4088489278573519,0.701217680350571,0.6631763199908539,0.5465494576981493,,,0.4594047182498889,0.4467508256399871,66.23375658282589,0.4675082006685507,68.45637326154534,0.44132773135488945
2024-08-21,0.4398000750352307,0.4548072761254218,0.46476467592212123,0.48620851041542,0.23834110368942485,0.6504022616190512,0.6250879259749844,0.22728158981077407,0.07987158413085499,0.005219857120464411,0.4607825028824514,0.6791448373182707,0.6504022616190512,0.5501500724697611,,,0.46828736909507307,0.46002805893578086,80.09048250720426,0.4511453962012485,66.23375658282589,0.4467508256399871
2024-08-22,0.4716037905844381,0.4565795385640111,0.4808583078101625,0.4609630699646188,0.16350585018155736,0.6371675984070012,0.6188968052144974,0.19033405206038323,0.09469389218655022,0.012937063888984357,0.4794062628348562,0.658106239809805,0.6371675984070012,0.5510017074514161,,,0.4661056588604291,0.46507714702594105,66.54135055300546,0.48620851041542,80.09048250720426,0.46002805893578086
2024-08-23,0.45433890652535164,0.46964998989388285,0.48368691372342687,0.4955586652888547,0.3339758820101314,0.6233187954079553,0.6175223206723203,0.2591475042807838,0.12332432945651459,0.02595116553402671,0.5189073790483122,0.6223934458567275,0.6233187954079553,0.5734396437307443,,,0.4809100818896312,0.4722767685077386,70.91502544845281,0.4609630699646188,66.54135055300546,0.46507714702594105
2024-08-26,0.48159925889846394,0.46433320257811506,0.4959765920279897,0.4745208056773629,0.19377773792979783,0.6106368539043923,0.6137082632935777,0.2265163209929617,0.1400812788434175,0.04036598919621792,0.529353137265524,0.5914580323008967,0.6106368539043923,0.5912054614086016,,,0.47701418031027876,0.473679289509501,55.33332824707031,0.4955586652888547,70.91502544845281,0.4722767685077386
2024-08-27,0.44843249540020597,0.43863537609153613,0.4550109666732106,0.44226276021774946,0.19503294929842652,0.5976478483642023,0.6063160534740678,0.1795619516177548,0.1428339791843479,0.052555518691581815,0.5127582065481741,0.5628205545323021,0.5976478483642023,0.604608572079559,,,0.470780743727989,0.4719027623128012,42.329544915763734,0.4745208056773629,55.33332824707031,0.473679289509501
2024-08-28,0.418900483103614,0.408949948554614,0.4213606581371303,0.40532961502889087,0.21259806338817414,0.5813117932843125,0.595115248298632,0.13109056862853286,0.13270385391640566,0.05988686968659701,0.47652877817523126,0.5217834377953008,0.5813117932843125,0.6293622583953224,,,0.4407043936413344,0.45572698323549526,37.6262655453766,0.44226276021774946,42.329544915763734,0.4719027623128012
2024-08-29,0.4075420101696731,0.4116083210854631,0.4258473690425645,0.41140722684288733,0.22533845877975525,0.5681692527973733,0.5857237694337327,0.1447129550995936,0.12988681072051123,0.06507890722960924,0.4605750408905556,0.4843779850662172,0.5681692527973733,0.6561833218951819,,,0.4196665340298426,0.4458158146111491,26.04790701273444,0.40532961502889087,37.6262655453766,0.45572698323549526
2024-08-30,0.40072694374096296,0.39034117182239203,0.4223360058073441,0.40579708933377123,0.1762787465817905,0.5596020355672551,0.576541251742668,0.13697149733465458,0.1281328287591644,0.06881347882477024,0.4497061199235931,0.4690785738965969,0.5596020355672551,0.6593779690679897,,,0.4075113104018498,0.42786349942013235,29.794515850262712,0.41140722684288733,26.04790701273444,0.4458158146111491
2024-09-03,0.37074053879888497,0.3579973295005512,0.3408924521875698,0.3277232627018002,0.31539763302999063,0.5498679597700896,0.5586939380012999,0.04409144688007438,0.09810014124859023,0.06462577658638802,0.3906264767234501,0.4813833674897372,0.5498679597700896,0.6163086314345589,,,0.3816425262928196,0.3985039908250198,3.376626850964513,0.40579708933377123,29.794515850262712,0.42786349942013235
2024-09-04,0.3103134662566503,0.31058927757773647,0.32382347262931477,0.3115942176794658,0.23307033666562066,0.5388595459648119,0.5405756677016766,0.02796240011405271,0.07115683109336385,0.054838364156469366,0.34886714258639506,0.489813379335186,0.5388595459648119,0.5762297962074385,,,0.34837152323834575,0.3723702823173631,3.471298221989457,0.3277232627018002,3.376626850964513,0.3985039908250198
2024-09-05,0.2998636919554098,0.2999557029462009,0.31260667211105164,0.30762039628512416,0.20851190209351325,0.5312135354867525,0.5236974121512885,0.02389689739919154,0.05182761632146382,0.042390330518925656,0.32902579969167256,0.4991618475515226,0.5312135354867525,0.5428976465445084,,,0.3156459588887967,0.35282843856860974,4.140130580474832,0.3115942176794658,3.471298221989457,0.3723702823173631
2024-09-06,0.30622445239690554,0.29796190242102927,0.2965130402230105,0.28424498680900984,0.19737414264580627,0.5185008922650236,0.5055705237151206,0.0,0.030884384201738613,0.027428181587610678,0.3102770114471742,0.5034994185963064,0.5185008922650236,0.5051043984767245,,,0.30115320025786657,0.32739599056183427,4.561406913702925,0.30762039628512416,4.140130580474832,0.35282843856860974
2024-09-09,0.28555199179432833,0.2964111780690224,0.30529140180170733,0.3188405821332458,0.19964809252700946,0.5104249845217539,0.4933970112758985,0.09031114734533308,0.032220560741499094,0.01577769950864749,0.3349734685686493,0.5040460806417647,0.5104249845217539,0.48457015013099286,,,0.3035686550757933,0.3100046891217292,21.387276386114607,0.28424498680900984,4.561406913702925,0.32739599056183427
2024-09-10,0.31122216488935067,0.31945058977068275,0.32382347262931477,0.3431510293892313,0.20235127986730625,0.5048670422912359,0.4853532128157243,0.14850539831008713,0.04686209124682095,0.009955443847374845,0.37843694186957244,0.5028618179114671,0.5048670422912359,0.47289285277539733,,,0.315412199443829,0.31309024245921535,32.64249587955835,0.3188405821332458,21.387276386114607,0.3100046891217292
2024-09-11,0.31667422669814604,0.32033674211701213,0.32431112320974453,0.3403459606346732,0.21091585600932444,0.4993705122823564,0.47773275770701273,0.14449699364004143,0.060860312715140585,0.008642071000122598,0.4120615291384078,0.501500319194286,0.4993705122823564,0.4616439580748019,,,0.33411252405238345,0.31884059105025686,55.999986436637705,0.3431510293892313,32.64249587955835,0.31309024245921535
2024-09-12,0.3316674075046172,0.3238369424752463,0.34430628530670426,0.33847592965998624,0.1757856278298292,0.49402751722022575,0.4706095735819771,0.14165795807401382,0.07457089357209362,0.010867081789875,0.43844870625091187,0.49998604245698963,0.49402751722022575,0.4510094211221893,,,0.3406576398946302,0.32501169772522925,64.78148117094493,0.3403459606346732,55.999986436637705,0.31884059105025686
2024-09-13,0.33075875220105244,0.33673018023748014,0.3491831166764825,0.3445535414739826,0.19684291926301162,0.48803967772449763,0.4649073709055348,0.15824527461390103,0.09109495016458447,0.016594990410564114,0.46457125116245734,0.49616549759086714,0.48803967772449763,0.4424316791798954,,,0.3411251439228807,0.3370734086582238,69.84923804325268,0.33847592965998624,64.78148117094493,0.32501169772522925
2024-09-16,0.3234892931268562,0.31501995480124434,0.3335771818782254,0.33006076798136746,0.14681826332541356,0.4795338727160179,0.45797745956062463,0.13375377541357325,0.10136536046573619,0.023631106574105054,0.47432709102451553,0.4887635099189581,0.4795338727160179,0.4333533202884207,,,0.33769674637177877,0.3393174458278482,77.22219219916101,0.3445535414739826,69.84923804325268,0.3370734086582238
2024-09-17,0.3303044028847022,0.3276473299579514,0.341965376483224,0.33380082993074117,0.19826848074595418,0.47075170538907674,0.45216451306382277,0.14498863888399016,0.11394904378109316,0.032266472094933274,0.4862533489905738,0.4785841661869251,0.47075170538907674,0.4279704640599378,,,0.3361383797953638,0.3374474059361502,64.03505836647483,0.33006076798136746,77.22219219916101,0.3393174458278482
2024-09-18,0.3234892931268562,0.3289765162233761,0.3350402266382234,0.31930810102318136,0.21659904962567805,0.4620923683622836,0.44513441037661516,0.11907290498758577,0.12087183945437033,0.040828747285657385,0.48570828444033765,0.47027846458483513,0.4620923683622836,0.4199396123822305,,,0.32772323297843003,0.33323983401385177,22.58064185336775,0.33380082993074117,64.03505836647483,0.3374474059361502
2024-09-19,0.3384824739333274,0.32809040613111606,0.34381858821692024,0.32819073700668044,0.23133545523826604,0.45171344520308476,0.43985915148397214,0.14794865827221437,0.13267784977264413,0.050499239695283804,0.49397271448361463,0.45278703169874013,0.45171344520308476,0.4221686627630841,,,0.327099889320201,0.33118279548319063,37.73583208126017,0.31930810102318136,22.58064185336775,0.33323983401385177
2024-09-20,0.31849158063441113,0.311918463843161,0.3340648789680095,0.32632070603199353,0.22070314251131934,0.4428698656545055,0.43485781155442704,0.1442034053813458,0.14385245281053027,0.06090545110770218,0.499459272647822,0.4387754108173769,0.4428698656545055,0.42266435282346,,,0.32460651468728513,0.3275362283947928,37.73583208126021,0.32819073700668044,37.73583208126017,0.33118279548319063
2024-09-23,0.31985458525432614,0.3190075558515876,0.3408924521875698,0.3347358677106123,0.19142197516474652,0.4323067029019565,0.4313609823429492,0.17374157847946614,0.15853983166130295,0.0727395042496159,0.5101072736759732,0.41202550255385606,0.4323067029019565,0.4390081093341051,,,0.32974910358309545,0.3284712483406418,40.540535896398154,0.32632070603199353,37.73583208126021,0.3275362283947928
2024-09-24,0.3293957042520018,0.3325210411005546,0.34723237482670044,0.3562412462120398,0.27173196754382034,0.42453786505218494,0.4308247836345609,0.24541988606484444,0.18107448693518702,0.08759068894510308,0.5326072603487756,0.38749473834605985,0.42453786505218494,0.45866863429977095,,,0.3390992733182152,0.3329593315969015,72.2222516566317,0.3347358677106123,40.540535896398154,0.3284712483406418
2024-09-25,0.3475692869437886,0.34692067869585097,0.35942452301517736,0.3426835104992957,0.2399840857130049,0.41799730091953446,0.428683121926433,0.21175905591854305,0.1954045482527485,0.10289535100552533,0.535989026932792,0.36830386026001016,0.41799730091953446,0.4729218324148888,,,0.3445535414739826,0.33763441349212436,56.46260621795953,0.3562412462120398,72.2222516566317,0.3329593315969015
2024-09-26,0.35120399481631887,0.36154189663179925,0.36820288459387407,0.3777466247134672,0.35670529430223696,0.41618559499045393,0.43102955669304277,0.3174894954333426,0.22268957250555604,0.12165797305425563,0.561776451932496,0.3621968043492375,0.41618559499045393,0.4781145695497853,,,0.3588904604749343,0.3475455910334817,82.7225157031726,0.3426835104992957,56.46260621795953,0.33763441349212436
2024-09-27,0.38209901173282584,0.36863094638615623,0.38600340978680536,0.3796166556881541,0.2770173039852961,0.41409752674291245,0.4333810081276054,0.32270745059547357,0.2464693989745357,0.14234950709641014,0.5761611393000888,0.35399324652346775,0.41409752674291245,0.4859318283617918,,,0.36668226363363904,0.35820478096471386,81.25000677325423,0.3777466247134672,82.7225157031726,0.3475455910334817
2024-09-30,0.34484323437482317,0.34027470511465874,0.354059994555615,0.3426835104992957,0.23466961043618598,0.40995210075130184,0.43099589646775904,0.22725445774639885,0.2516324873990521,0.1601362907888447,0.5544992253278226,0.34051434177371687,0.40995210075130184,0.4970350976137448,,,0.36668226363363904,0.35979430952245045,56.972118517009974,0.3796166556881541,81.25000677325423,0.35820478096471386
2024-10-01,0.3293957042520018,0.32126717672821625,0.316508155810616,0.30855538947994,0.2823149683955709,0.40869311653070806,0.42466805020540244,0.15553403905682972,0.24327863893144341,0.17236983022644087,0.5130864067264285,0.3409540351040585,0.40869311653070806,0.4932763516629412,,,0.34361851855579656,0.35025713817603055,40.84966760091418,0.3426835104992957,56.972118517009974,0.35979430952245045
2024-10-02,0.29395728083026423,0.30128488921162544,0.3169958529004001,0.3169705511585588,0.16901196933697943,0.40904624485832597,0.4199710485975712,0.1820707417647971,0.241532886988784,0.18173956963958113,0.4917298761145919,0.3407474559498163,0.40904624485832597,0.494461583449689,,,0.32273648371259817,0.3451145463078832,34.892087318124396,0.30855538947994,40.84966760091418,0.35025713817603055
2024-10-03,0.2994093426390596,0.29574656380927533,0.3155328081404021,0.31089293934456247,0.16859954274443,0.4092611920267133,0.41497879751570554,0.16914385264570775,0.23915798358194093,0.1886679532166647,0.47352368496930214,0.34053872507796534,0.4092611920267133,0.49531356594145354,,,0.3121396266610204,0.3317438092341022,37.02289909619366,0.3169705511585588,34.892087318124396,0.3451145463078832
2024-10-04,0.31576552806544567,0.3318564690948771,0.3360156208177917,0.35390369634741736,0.2514076298919622,0.41383651528353427,0.4157171972170579,0.29697398027857824,0.25605153898631383,0.1982468401059101,0.4932895745703791,0.3382956306494349,0.41383651528353427,0.5099882480984872,,,0.32725572895017957,0.3266012173659549,40.86021395112269,0.31089293934456247,37.02289909619366,0.3317438092341022
2024-10-07,0.3439345790712585,0.3354009939720556,0.3345525295484393,0.3314633246511742,0.26441587842381314,0.4146656022389178,0.41364343338862675,0.24471942075675046,0.2615365322918731,0.20722041505228342,0.4887755153039285,0.33807441155662565,0.4146656022389178,0.5123560285234539,,,0.33208665344771804,0.32435718019633053,34.05573413571881,0.35390369634741736,40.86021395112269,0.3266012173659549
2024-10-08,0.31667422669814604,0.3120513951459244,0.3326017876986571,0.32678822492192905,0.17247164567176224,0.4135908605401101,0.41119595153910027,0.23411768446955517,0.2651626134874309,0.21526561226933508,0.48185222204801303,0.3374771042795262,0.4135908605401101,0.5106773282214331,,,0.33738508197350686,0.3280037472847284,43.30708602289417,0.3314633246511742,34.05573413571881,0.32435718019633053
2024-10-09,0.3148568727618809,0.31967212785726506,0.3335771818782254,0.3202430942179971,0.1917761240866096,0.41227046409787804,0.4081818572152387,0.2188184482108837,0.2665391764588945,0.22203065616784073,0.472305594035617,0.33715142405826304,0.41227046409787804,0.507972900841692,,,0.32616488126370013,0.328658255896616,56.410253902238125,0.32678822492192905,43.30708602289417,0.3280037472847284
2024-10-10,0.30804180633317063,0.2981834405076117,0.3218727307795326,0.31089293934456247,0.14164051642982026,0.41045875816879773,0.40431238626502364,0.19676177985136611,0.26500994390243376,0.22707732959964883,0.45949100113069685,0.3373207705945081,0.41045875816879773,0.503292880751547,,,0.3193080861614962,0.32865825589661607,46.70050515686005,0.3202430942179971,56.410253902238125,0.328658255896616
2024-10-11,0.30676961958156296,0.3327425791871369,0.3311387429386592,0.3543712152373529,0.2713206616757072,0.4111036026023951,0.40612375768023634,0.3255230940294218,0.2824594028703468,0.2352836639231434,0.48305388749848555,0.3385475636565464,0.4111036026023951,0.5029340959237878,,,0.32850241626663745,0.32875175967460313,66.78700634451529,0.31089293934456247,46.70050515686005,0.32865825589661607
2024-10-14,0.3634711230538245,0.3901196337358097,0.38234577463213315,0.41140722684288733,0.38999081005962255,0.41644660059296135,0.4147314683980413,0.4500646273921265,0.3200297821600039,0.250824983620601,0.5377538799346463,0.3547340336232367,0.41644660059296135,0.4904893357538151,,,0.3588904604749343,0.3447405401129458,70.03257713499517,0.3543712152373529,66.78700634451529,0.32875175967460313
2024-10-15,0.40072694374096296,0.42512184858849955,0.4272128836864766,0.43104252978457247,0.47152463352310936,0.42283362977886263,0.42491850419906085,0.4852996632350961,0.3579005721512103,0.2723060652400481,0.582049119207887,0.3734075970912276,0.42283362977886263,0.4766758330670085,,,0.39894032395493756,0.36559140108547444,85.38204316944281,0.41140722684288733,70.03257713499517,0.3447405401129458
2024-10-16,0.44161742897149575,0.44483827349956373,0.45306022482342845,0.4595605578798674,0.39381584256063124,0.4320456914425783,0.4376197742710176,0.532181736078264,0.3991461500781478,0.2993452550913204,0.623498210479345,0.39678113697242123,0.4320456914425783,0.4623515680810025,,,0.4340034381691091,0.3934548938178485,90.34090601215719,0.43104252978457247,85.38204316944281,0.36559140108547444
2024-10-17,0.4398000750352307,0.44240143905529694,0.4523286791887523,0.4539504649558066,0.3148058905276371,0.4403058417076341,0.4484259396370408,0.5152959305658561,0.4288457001471209,0.3280723738459844,0.6360857881691451,0.4140206974102726,0.4403058417076341,0.45535700360340386,,,0.4481845175400821,0.42206639894009734,90.85715157645092,0.4595605578798674,90.34090601215719,0.3934548938178485
2024-10-18,0.45706495909431716,0.4802835645254184,0.48671053335950887,0.5072463700269119,0.4700945891424217,0.452189400902415,0.46471481852372043,0.5939429729566569,0.47284192584458884,0.3615655735743511,0.6716284075364696,0.44304249130847284,0.452189400902415,0.4386563007446492,,,0.47358579762086195,0.45264142989800915,97.29729961936793,0.4539504649558066,90.85715157645092,0.42206639894009734
2024-10-21,0.4797819049621989,0.4700930660670476,0.4874420789941851,0.49929872723822855,0.3777704308064733,0.4629982183983882,0.47848130600544847,0.5697229361763186,0.5029169710246044,0.39554561289515744,0.6752589699256737,0.46457482489601887,0.4629982183983882,0.4311182281442571,,,0.486831854073649,0.47021972997707734,92.1195648652844,0.5072463700269119,97.29729961936793,0.45264142989800915
2024-10-22,0.472966795204353,0.4638901264049504,0.48768592753907714,0.4777933487368011,0.3376507374366791,0.47098200341654717,0.4883091002916824,0.5056771613816549,0.5162919434906016,0.42592517042340117,0.6484087014140545,0.47832515218958094,0.47098200341654717,0.42893893914669173,,,0.4947794820006472,0.4795698937675231,74.31506077552686,0.49929872723822855,92.1195648652844,0.47021972997707734
2024-10-23,0.4470694907802912,0.43938859713510214,0.44379421266430186,0.4497428841164971,0.3937967902452145,0.47801387703604603,0.4937736144838252,0.4293043361651453,0.5137991614373468,0.44963324512334557,0.5986567194208335,0.4858497626072388,0.47801387703604603,0.43423365329073466,,,0.4756116533638422,0.47760635901484905,56.45162332318643,0.4777933487368011,74.31506077552686,0.4795698937675231
2024-10-24,0.4525215525890865,0.45768718674285325,0.46842231107679344,0.46517065080392817,0.38048370466669656,0.48375606178834984,0.5006027149420276,0.457652832394278,0.5163817389311315,0.46921672998255226,0.5678979623697991,0.49462106668187167,0.48375606178834984,0.43442541104031224,,,0.4642356278857422,0.4798503961844734,52.12765849516212,0.4497428841164971,56.45162332318643,0.47760635901484905
2024-10-25,0.4534302512217869,0.44864866098226885,0.45598636085277877,0.43852269826837553,0.3698009593401175,0.487625128389935,0.5035254888169292,0.38851288795572225,0.5059961860353529,0.4824022189266264,0.5201854843863225,0.4990861454702611,0.487625128389935,0.4368275950676482,,,0.4511454110629336,0.46610566183276614,44.95412737011504,0.46517065080392817,52.12765849516212,0.4798503961844734
2024-10-28,0.4511585479691716,0.47053614224021223,0.4808583078101625,0.49275364111935194,0.4849172905366029,0.49748203448724815,0.5127960214487559,0.4841415090673916,0.5180833967972072,0.49583846627901873,0.522055492619331,0.5111229972692247,0.49748203448724815,0.44190685340505625,,,0.46548233006388523,0.4647966446089907,45.28876049549338,0.43852269826837553,44.95412737011504,0.46610566183276614
2024-10-29,0.5074965633225258,0.4926894438496128,0.4993903786377699,0.48433847944073316,0.5423589007934729,0.5090278191419296,0.5201554535813455,0.46264902018623477,0.5224549790161575,0.50763191527964,0.509804471951316,0.517815446114222,0.5090278191419296,0.45950724655911307,,,0.4718716062761536,0.46610567074977716,45.151518654451955,0.49275364111935194,45.28876049549338,0.4647966446089907
2024-10-30,0.44684231612211606,0.46038992604671614,0.476469127020814,0.46984575053317323,0.30610346527995697,0.5190689677610287,0.525043217273111,0.4255544129502471,0.518288454055668,0.5160712152989644,0.48479120818149646,0.5210789493893703,0.5190689677610287,0.47883579645194746,,,0.4823126236977528,0.47012624403311243,47.301600084528914,0.48433847944073316,45.151518654451955,0.46610567074977716
2024-10-31,0.44525213684402615,0.43154632633717915,0.4213606581371303,0.40205702738439736,0.3762451248487022,0.5250568072567567,0.5211828264963695,0.2801620863819787,0.4860541577588928,0.5151212911076675,0.4147719147381202,0.5168865072112033,0.5250568072567567,0.5000179365990216,,,0.4520804191194346,0.4575035193492063,37.249994277954116,0.46984575053317323,47.301600084528914,0.47012624403311243
2024-11-01,0.39572918791938205,0.4025254708059345,0.40526702624908895,0.38873305111662104,0.2704285650244318,0.5273444688851673,0.5160621239523435,0.2560302000116823,0.4540924951131742,0.5067251247242052,0.3592422346060926,0.5157838579998149,0.5273444688851673,0.5073255511907467,,,0.42021194301139725,0.4475455899188553,29.329958781013715,0.40205702738439736,37.249994277954116,0.4575035193492063
2024-11-04,0.36619717562279,0.35533895696970197,0.37746889675300055,0.3641888890007231,0.2496099878961761,0.5294939493543472,0.5084302194588043,0.2131690519019418,0.41819797336453984,0.49143233246206663,0.3078112686033892,0.5133173404058915,0.5294939493543472,0.5164418916325809,,,0.38499298916724717,0.4218326394951296,29.66751643685798,0.38873305111662104,29.329958781013715,0.4475455899188553
2024-11-05,0.37119488811523516,0.38147985962944575,0.3911240897014755,0.39971952210483014,0.2925740798852378,0.534284222707991,0.5058664147285991,0.29019096197324135,0.4037822468041807,0.4757539173516633,0.30493552096275,0.5089635197218083,0.534284222707991,0.5349603949344938,,,0.3842138207407248,0.404908848027949,21.65242676134939,0.3641888890007231,29.66751643685798,0.4218326394951296
2024-11-06,0.4506133374553785,0.48272044122375457,0.46037549513277276,0.5133239818409082,0.5524061953646837,0.5469661612831186,0.517427355138482,0.4691278596848161,0.4377458607404292,0.4713257151507785,0.38883296992567495,0.5127242998731264,0.5469661612831186,0.5599401653176241,,,0.42574413098215375,0.41360449428949597,55.381944128254624,0.39971952210483014,21.65242676134939,0.404908848027949
2024-11-07,0.4847796174546441,0.5160833249406187,0.5213362360751574,0.5404394532663965,0.42249406016048774,0.5620432350708503,0.5312003126913578,0.5014341693386984,0.47445649253016164,0.4765539961927144,0.4608453235177055,0.5159408104636181,0.5620432350708503,0.5916110460329808,,,0.48449431907071167,0.44128097946589584,62.52072422948093,0.5133239818409082,55.381944128254624,0.41360449428949597
2024-11-08,0.5243070980652621,0.5059813910119975,0.566203345129501,0.5404394532663965,0.0,0.5742645688057307,0.5436615600011024,0.5014341693386986,0.5020001328194597,0.48731730153793884,0.5021222684723027,0.5225397832088747,0.5742645688057307,0.6110042347323467,,,0.5314009627912338,0.4716222598958509,82.3144181637934,0.5404394532663965,62.52072422948093,0.44128097946589584
2024-11-11,0.5892775771127273,0.6964998355577248,0.6276517831616698,0.7293128046350534,0.7638857757654548,0.59514524249584,0.5780132003087787,0.6657531250526662,0.5979779159485427,0.5188587973775844,0.657073751663586,0.5927407378461094,0.59514524249584,0.5514474432425527,,,0.6033972370559488,0.544647043022717,93.70126435359933,0.5404394532663965,82.3144181637934,0.4716222598958509
2024-11-12,0.6628805198543036,0.6885246334570384,0.6778834206755754,0.730247753244814,0.539679248666338,0.6147976395403925,0.6092074909767831,0.6663393602243294,0.6709241470028521,0.5615201856774716,0.7399993476198183,0.6435482085641222,0.6147976395403925,0.5194042274595625,,,0.6666666703820879,0.6107526892507138,100.0,0.7293128046350534,93.70126435359933,0.544647043022717
2024-11-13,0.6937754934416749,0.7009304282730936,0.6266764354914558,0.6063581008554301,0.644616039808132,0.6244395955408829,0.622293644282978,0.460932395168306,0.6748129073543581,0.5965783924423289,0.6832993064809236,0.6572096270296225,0.6244395955408829,0.5214043918402378,,,0.6886395529117658,0.629359513053618,72.73662483809855,0.730247753244814,100.0,0.6107526892507138
2024-11-14,0.6069968104881639,0.595037673622764,0.5725432677686314,0.5596072819032014,0.3833718115389788,0.6313793464352712,0.6284213256836159,0.3991908119066969,0.6555635558011634,0.6200259349473652,0.5967138240550925,0.6633102185115017,0.6313793464352712,0.5287146549830656,,,0.6320710453344818,0.6331930787809791,55.97104879108826,0.6063581008554301,72.73662483809855,0.629359513053618
2024-11-15,0.5633802726886654,0.5440850968227706,0.5432821400218996,0.5619448317678238,0.34833572421213077,0.6349720507183949,0.6342510280484753,0.401614832212731,0.6381397390462018,0.6346210997680157,0.53069801520334,0.6678429847213126,0.6349720507183949,0.5303370990762062,,,0.5759700715088184,0.6374941544812646,52.96391804839872,0.5596072819032014,55.97104879108826,0.6331930787809791
2024-11-18,0.5297591598740573,0.5502879942307983,0.5530358492708101,0.5315568172828974,0.34387524095575384,0.6370908265409735,0.635812611309378,0.36090873048927385,0.6091885397056528,0.6393802594564084,0.4573468932983984,0.669786673932258,0.6370908265409735,0.5324413989612506,,,0.5510363103179742,0.5979429570108333,48.87039473617067,0.5619448317678238,52.96391804839872,0.6374941544812646
2024-11-19,0.5102226158914912,0.5427558683032765,0.5303584461987463,0.5661524126071333,0.39697628547092845,0.642894426443351,0.6414524780246487,0.4002234784913179,0.5976603071065463,0.6404332811385642,0.42970870309448234,0.6754344491055272,0.642894426443351,0.5376960740708879,,,0.5532180205526182,0.5651238888832972,15.8512498831235,0.5315568172828974,48.87039473617067,0.5979429570108333
2024-11-20,0.569286683813811,0.5684536947898555,0.5540111969410241,0.5605423196830726,0.5502745774868876,0.6501719548062741,0.6458697546393847,0.39214577206768586,0.5837505850308595,0.6379524109295258,0.4033550227715864,0.679984550530587,0.6501719548062741,0.5482681383195147,,,0.5527505165243677,0.5559607326488256,15.163149725063505,0.5661524126071333,15.8512498831235,0.5651238888832972
2024-11-21,0.5711040377500762,0.5817456842063098,0.5188978436449456,0.5121552292011247,0.6969852512664186,0.6532579958150312,0.6439542415184462,0.3245838193531987,0.550936493119563,0.628127826756173,0.3485899376594563,0.6808990379663459,0.6532579958150312,0.5543477991263688,,,0.5462833204971101,0.5464703221084104,21.97496836559553,0.5605423196830726,15.163149725063505,0.5559607326488256
2024-11-22,0.5029532001464309,0.5906069963992561,0.5315776424138523,0.6119682383645463,0.5501064688214462,0.6646502455229639,0.6544166458720668,0.43697034877173335,0.5632640753772045,0.6232134447707292,0.3852073279942825,0.6899589609047094,0.6646502455229639,0.5678501260158156,,,0.5615552624162478,0.5564750034277548,61.83933348441581,0.5121552292011247,21.97496836559553,0.5464703221084104
2024-11-25,0.6074511164753784,0.6078865868660535,0.6120458483634126,0.6049555887706787,0.4723674182991886,0.6720198936825621,0.6630258017563047,0.4270643458633995,0.5678729358879395,0.6203830804340559,0.4007487018093162,0.697762033671159,0.6720198936825621,0.5735296989398213,,,0.5763596854454499,0.5711547577253111,59.523810464038576,0.6119682383645463,61.83933348441581,0.5564750034277548
2024-11-26,0.5438436853769637,0.5449712069150305,0.5388929592325511,0.5151940128155952,0.41669767337607033,0.6740465467800298,0.6598476681426076,0.3119427281910838,0.5331154335683539,0.6098145845913435,0.34304228342260046,0.6982017666167234,0.6740465467800298,0.5777752889396868,,,0.57737261331694,0.5609630777670034,47.13114459358937,0.6049555887706787,59.523810464038576,0.5711547577253111
2024-11-27,0.5274874999505776,0.5305715693197341,0.5505974103312439,0.5539971889791405,0.37750257766620343,0.6795737814355108,0.6617133159051525,0.3558209473849496,0.5195965488233582,0.5981298785643583,0.33471824656035654,0.7002005462643691,0.6795737814355108,0.5880965451487661,,,0.5580489301884715,0.559654051626217,47.89983678150506,0.5151940128155952,47.13114459358937,0.5609630777670034
2024-11-29,0.5601544618691962,0.5759858207173773,0.5979029583251535,0.5769051241503748,0.3244777424126956,0.6910581538685541,0.6662002511479806,0.38092095546117255,0.5164815236619269,0.5880378771365008,0.34659569758221903,0.6986646643913437,0.6910581538685541,0.6184904601685904,,,0.5486987753150369,0.572604030616067,52.667685275911296,0.5539971889791405,47.89983678150506,0.559654051626217
2024-12-02,0.5874602231764622,0.5870624715220775,0.5925383833562369,0.584852766939058,0.5404693593939123,0.703939688752986,0.671230928831045,0.38980423904343675,0.5155388895598578,0.5797390634297181,0.35996823341952133,0.6933352920302306,0.703939688752986,0.6582552581423529,,,0.5719183600228578,0.5671809363309694,63.6523254408084,0.5769051241503748,52.667685275911296,0.572604030616067
2024-12-03,0.5134029744476714,0.541426682037852,0.5237746750147237,0.55820476981845,0.5142567355538621,0.7166830395497518,0.672526552842794,0.3528804056434822,0.5024010059442257,0.56996113126464,0.3489378408071318,0.6769144693180712,0.7166830395497518,0.7151302243443147,,,0.5733208869692942,0.5578307725405237,36.07748172837104,0.584852766939058,63.6523254408084,0.5671809363309694
2024-12-04,0.5424806807570488,0.5629153693875054,0.564740300369503,0.5923328908378056,0.4991560944994845,0.7293342705498423,0.6778686721854437,0.3940493356540756,0.5042911429817635,0.5625903739151107,0.36688913007219803,0.6633272325893291,0.7293342705498423,0.7673235503024746,,,0.5784634758651045,0.5732585481449658,47.13376441014456,0.55820476981845,36.07748172837104,0.5578307725405237
2024-12-05,0.6092684704116436,0.6247231011596861,0.5808339322575441,0.5572697766236341,0.560141435423858,0.7322207181777306,0.6784178895643534,0.34447857234576507,0.49011783303576417,0.5533075045072122,0.35262972670635645,0.6622045521366321,0.7322207181777306,0.7761214234061358,,,0.5692691457599632,0.5739130656738645,62.711865776607006,0.5923328908378056,47.13376441014456,0.5732585481449658
2024-12-06,0.5524761057419392,0.5937084873573394,0.5905876415064548,0.6058906265505498,0.4828125700452773,0.7365196820445259,0.6848554587626311,0.4030960566948363,0.4971630295478019,0.5475644355588163,0.3790274696449617,0.6645701097137373,0.7365196820445259,0.7828734527088977,,,0.5851644313373298,0.5797101661538995,64.80000061035126,0.5572697766236341,62.711865776607006,0.5739130656738645
2024-12-09,0.5788278028114868,0.5713336476613565,0.5588880748201565,0.5399719789615162,0.37762697807863005,0.7364889773979245,0.6826257650612486,0.31499973838613704,0.474705391757849,0.5376044391067056,0.34758011279325973,0.664582406085774,0.7364889773979245,0.7827793085692597,,,0.5677107940452334,0.5707340085583911,41.54175816254157,0.6058906265505498,64.80000061035126,0.5797101661538995
2024-12-10,0.5420263314406986,0.5239255957385419,0.5315776424138523,0.5109864319762858,0.31298807549199803,0.72214886491203,0.6770668719608823,0.2800133707417032,0.4442366298720911,0.5223568962694806,0.3081487121120417,0.6352386191361516,0.72214886491203,0.794001903507904,,,0.5522830124961172,0.5612903409899583,34.570309334959546,0.5399719789615162,41.54175816254157,0.5707340085583911
2024-12-11,0.5052248600699104,0.501550756042559,0.5125579210058151,0.5058438579421606,0.42253104406688485,0.7074095685928332,0.6714090603371708,0.2737374397938349,0.41742382991417687,0.503752792638743,0.28311746246996583,0.5945531969249179,0.7074095685928332,0.8220923646783981,,,0.5189340896266542,0.5439925344108293,37.98283591176673,0.5109864319762858,34.570309334959546,0.5612903409899583
2024-12-12,0.5097682665751411,0.5093044200566631,0.5028042117569044,0.4824684484660463,0.46849419464742015,0.6992722486279255,0.6634340021203768,0.24471119617493708,0.38645105141119024,0.4814695452506548,0.25568057944454103,0.5931542687431832,0.6992722486279255,0.8044689112545341,,,0.4997662461281642,0.5290322687793118,23.47629549004654,0.5058438579421606,37.98283591176673,0.5439925344108293
2024-12-13,0.4384370704153157,0.45591492430426395,0.4691538567114697,0.46797571955848627,0.7809241493701529,0.693253704485596,0.6544477031150807,0.22676758464268165,0.3561429780515188,0.4564017930987849,0.23491538609351187,0.5980032339665998,0.693253704485596,0.7821792608562289,,,0.4854293419888977,0.501449287380899,26.06516344640235,0.4824684484660463,23.47629549004654,0.5290322687793118
2024-12-16,0.46842343202825804,0.4918032915032833,0.4798829601399486,0.4894810534748584,0.5439861926749451,0.6884941387069891,0.6489448358123532,0.2617862384306351,0.3411728805199132,0.4327709606905166,0.24563108559379776,0.5983567162767827,0.6884941387069891,0.770028083759172,,,0.4799750738331303,0.49135110228356743,13.489713598365398,0.46797571955848627,26.06516344640235,0.501449287380899
2024-12-17,0.47523849845696825,0.4754098533828154,0.49622044057288184,0.4838709605507976,0.3555150849509123,0.6853620363356766,0.6432805911727097,0.25397754606870293,0.3274894742559333,0.4105970782046914,0.25649615834777917,0.6001499456267235,0.6853620363356766,0.7595769810354931,,,0.4804425778613807,0.4859280079984698,21.698080954394584,0.4894810534748584,13.489713598365398,0.49135110228356743
2024-12-18,0.467060427408343,0.49490474020729724,0.4433065155745177,0.43525011062388197,0.6862307795759179,0.6767641115305215,0.6322151401671019,0.18956491469054093,0.29767907475832406,0.3857357213821279,0.23645456066255682,0.6048510237559651,0.6767641115305215,0.7312361253322339,,,0.46953404154984596,0.4718092585348141,18.110214047483268,0.4838709605507976,21.698080954394584,0.4859280079984698
2024-12-19,0.4502498493364712,0.44306601106097443,0.4223360058073441,0.416082281987077,0.40308535437306675,0.6672756875483448,0.6198615521576475,0.16613234769249807,0.2674138778470347,0.35861572565207744,0.2196109645465898,0.6101691142272543,0.6672756875483448,0.6997552968049288,,,0.4450677843872522,0.45853202523902026,16.197160869509716,0.43525011062388197,18.110214047483268,0.4718092585348141
2024-12-20,0.39686506121025755,0.4058484998506001,0.42331139998691225,0.4268349935303184,0.3368101941094724,0.6616716839552715,0.609998298638153,0.18708166354854716,0.24916580246329145,0.33255992939043055,0.22754713618217093,0.6145840176732035,0.6616716839552715,0.6791583186166102,,,0.4260557953804258,0.45030388003338667,26.84824585067976,0.416082281987077,16.197160869509716,0.45853202523902026
2024-12-23,0.4125397226621183,0.40163936071367456,0.397464012340606,0.38569426750215047,0.3097155601380733,0.646809557335927,0.5960476909431999,0.13578473646392186,0.21967880366577783,0.3046703079020645,0.21387154980856257,0.6110346739525716,0.646809557335927,0.6485346327742364,,,0.4095371810065153,0.42954652283884515,21.97451320079891,0.4268349935303184,26.84824585067976,0.45030388003338667
2024-12-24,0.3902771261105867,0.38449270154964055,0.407705418679301,0.40439457724901984,0.16371766710001345,0.6336363092739511,0.58571057900978,0.17372651693424546,0.20577948030894894,0.27903780760114133,0.23070382766407016,0.6024171010685313,0.6336363092739511,0.629997661424271,,,0.4056412794271629,0.41365124617848953,20.454549676834475,0.38569426750215047,21.97451320079891,0.42954652283884515
2024-12-26,0.3830077103655262,0.3770491824059379,0.407705418679301,0.39036932264634017,0.17681893576007532,0.6254375741589693,0.5746443013604471,0.1554568876186404,0.19109491312175075,0.2550233951063866,0.24277057166503796,0.6052764997239835,0.6254375741589693,0.6055262577947903,,,0.3934860557991702,0.4046750885829812,19.325155527887986,0.40439457724901984,20.454549676834475,0.41365124617848953
2024-12-27,0.3791458278348209,0.3681878702129916,0.3779565938427847,0.36325385122085196,0.270140538844309,0.6129091705305909,0.5613188958290217,0.12116624949623617,0.1706999927266491,0.23093914481030461,0.24224976255505387,0.6050382120739861,0.6129091705305909,0.5753796585801025,,,0.3860059170387373,0.39410940242973613,22.500002554484624,0.39036932264634017,19.325155527887986,0.4046750885829812
2024-12-30,0.3378009932879378,0.33673018023748014,0.34450134553887624,0.350631153287979,0.3063455417581925,0.5980470439112466,0.547720293041927,0.10563776101254535,0.15188989929869,0.20717766848385744,0.24465682034691894,0.5994557830072252,0.5980470439112466,0.5479540082699563,,,0.36808477571839043,0.3788686343812683,23.68421618722425,0.36325385122085196,22.500002554484624,0.39410940242973613
2024-12-31,0.3502952961836185,0.34071778128782326,0.34967081376626663,0.33660589868529933,0.225731833056888,0.5817416934779581,0.5337031427154602,0.08832546806465469,0.13397198896186277,0.1838875702263868,0.2481720798182079,0.5902795697864257,0.5817416934779581,0.5226654162862086,,,0.35016363439804343,0.3690509606178981,14.652003135597852,0.350631153287979,23.68421618722425,0.3788686343812683
2025-01-02,0.3371194693134125,0.3385024426760693,0.3517678740448549,0.3478260845334209,0.2979894203613216,0.5679236009823847,0.5223918789611032,0.11663593754345081,0.12710635112926894,0.1636151649021323,0.270676252929107,0.5814416410523224,0.5679236009823847,0.5029041078498238,,,0.3450210455022331,0.3577372620747783,30.62199210320857,0.33660589868529933,14.652003135597852,0.3690509606178981
2025-01-03,0.3393911725660278,0.3845813083334596,0.36430140089430973,0.41093970795295176,0.29713430761644327,0.5560093342125668,0.5198693122478873,0.256497243381973,0.1498401444358148,0.15282876055068287,0.341417250355459,0.55981241801248,0.5560093342125668,0.5079015156819877,,,0.365123897057224,0.36185133913610057,52.302637254597485,0.3478260845334209,30.62199210320857,0.3577372620747783
2025-01-06,0.41026806273863864,0.41426673587038165,0.4281882313566905,0.4403927292430624,0.37208499574124715,0.5483326161594704,0.5211856587393846,0.31129730592004046,0.18197319343894983,0.15187681144207033,0.4147568140997136,0.5445006162208117,0.5483326161594704,0.5132850680083201,,,0.399719507243145,0.37727911474054265,65.87538108062905,0.41093970795295176,52.302637254597485,0.36185133913610057
2025-01-07,0.4175374784836991,0.41426673587038165,0.42087296104734606,0.40673212711364237,0.230054467207603,0.5352514878941695,0.5182638738277534,0.2554860610437214,0.1957314442396892,0.15440235044604605,0.44068986832646545,0.5114963722488403,0.5352514878941695,0.5333326579598437,,,0.4193548547698855,0.38849930950567535,63.24786673122311,0.4403927292430624,65.87538108062905,0.37727911474054265
2025-01-08,0.3768741245822056,0.3699601326515808,0.38234577463213315,0.3777466247134672,0.21147621822746224,0.5245962024165098,0.5120788084132849,0.21143185576582468,0.19681616225081716,0.1566819406638492,0.4388557274171902,0.4933610635570047,0.5245962024165098,0.5359012546618594,,,0.4082904936900573,0.39672745471130894,57.512951191647986,0.40673212711364237,63.24786673122311,0.38849930950567535
2025-01-10,0.35847341056137927,0.3562250670619619,0.37405511014322046,0.3777466247134672,0.19885349890169007,0.5158447455930413,0.5064827968478134,0.21143185576582468,0.1996117541982374,0.15917353099465198,0.4404366991555534,0.47969361209808603,0.5158447455930413,0.536079994909007,,,0.3874084588468589,0.40271156274731823,62.35955071229552,0.3777466247134672,57.512951191647986,0.39672745471130894
2025-01-13,0.339845521882378,0.35954809610662763,0.3608875677751753,0.3824216798576569,0.24916393957053842,0.5077381302747347,0.5019909526553054,0.22185447664686064,0.2055953637328515,0.16259639725051442,0.44738160544501476,0.4648856146019711,0.5077381302747347,0.539623758611298,,,0.3793049764281971,0.3970079571282592,60.81870986272112,0.3777466247134672,62.35955071229552,0.40271156274731823
2025-01-14,0.39254882936320196,0.3910057860821391,0.40039014836995634,0.38990184834146,0.21758864930290941,0.5016581709823313,0.49884085517825005,0.23918166153289488,0.21513621955725912,0.1676141755857176,0.45927551855163923,0.4537919441731809,0.5016581709823313,0.5422621953238986,,,0.38335671763752804,0.38690978094793876,39.910320421669404,0.3824216798576569,60.81870986272112,0.3970079571282592
2025-01-15,0.3984552404883476,0.4111652871663678,0.4281882313566905,0.4296400176998211,0.2747052494732595,0.4991402054695796,0.5008461095682722,0.32515299634456896,0.24032360282026233,0.17764612577420918,0.49666825329683434,0.4475205582110806,0.4991402054695796,0.5459928487490484,,,0.4006545152996461,0.39149135906517446,45.3061119629305,0.38990184834146,39.910320421669404,0.38690978094793876
2025-01-16,0.40935936410593826,0.4076207622891894,0.433065109235823,0.42870502450500525,0.20795938494642938,0.49514831442471785,0.5025461467506339,0.32319753341068214,0.2611313556133312,0.19064303945194774,0.5187792013310327,0.43486487389384276,0.49514831442471785,0.5561752338877175,,,0.41608229684876213,0.4016830390234821,63.428586375964734,0.4296400176998211,45.3061119629305,0.39149135906517446
2025-01-17,0.44525213684402615,0.45414266186567465,0.4725676433212497,0.4609630699646188,0.3101784193302551,0.4936436783891355,0.5080256716305612,0.3881067282917663,0.2916147877528584,0.20832362106219135,0.5537072328702548,0.4286622070190811,0.4936436783891355,0.562266443710565,,,0.4397693707231484,0.41832632807371245,98.90112538887144,0.42870502450500525,63.428586375964734,0.4016830390234821
2025-01-21,0.45479325584170177,0.4439521634073038,0.4252621418366943,0.4184198318516995,0.37611400008965795,0.4925382320437265,0.5077852617222025,0.2984498382289117,0.29926016329821126,0.22429470670003165,0.5409588207068118,0.42627039537282085,0.4925382320437265,0.563335689976513,,,0.43602930877377455,0.42552595847252095,65.93407207615704,0.4609630699646188,98.90112538887144,0.41832632807371245
2025-01-22,0.40299860366444246,0.4080637962082846,0.423799050567342,0.4268349935303184,0.2199152732326176,0.4932444916273977,0.5085959406251315,0.31591952677411816,0.30941144983446184,0.23949690362644274,0.5352249024295209,0.4276270885724488,0.4932444916273977,0.5629221909799833,,,0.4354059651155455,0.43291258751029266,66.90393137887756,0.4184198318516995,65.93407207615704,0.42552595847252095
2025-01-23,0.4020444960975885,0.43509085121435764,0.4298951246615804,0.43945769146319136,0.30979064867530376,0.4940735756543456,0.5108716955102531,0.34237286978167003,0.3231018704918988,0.25492955359394576,0.536943485216252,0.4296382089515618,0.4940735756543456,0.5617785027549924,,,0.42823750561506974,0.4348761222629666,68.15068716849996,0.4268349935303184,66.90393137887756,0.43291258751029266
2025-01-24,0.4370740224662651,0.44661053593815303,0.46037549513277276,0.44506778438725214,0.28421683776393064,0.49797334690253214,0.5136161717720624,0.3543235024265686,0.3365899200451427,0.2704982158282766,0.5379577844394132,0.4354157730450501,0.49797334690253214,0.5621909543724699,,,0.437120156460254,0.4381486742394161,57.534249557999985,0.43945769146319136,68.15068716849996,0.4348761222629666
2025-01-27,0.4011812497281774,0.39432877287273527,0.3755181549032185,0.3877980579218051,0.38967812794190165,0.49688325434464153,0.509101862412217,0.23541949794423445,0.32448700094867833,0.28006153640955234,0.4931734902314491,0.4348102823633466,0.49688325434464153,0.5604877291053749,,,0.42410784459074957,0.42351567183085326,37.11339655957981,0.44506778438725214,57.534249557999985,0.4381486742394161
2025-01-28,0.38664241823805645,0.37306158135559464,0.38868569727126356,0.37587659373878024,0.2051329179181423,0.4959313429459813,0.5035608828677886,0.2140020373546926,0.3107028385614248,0.28441890383075624,0.45435056367323573,0.434796232371201,0.4959313429459813,0.5581908038172237,,,0.4029141453492791,0.41500702420826946,19.256752402873374,0.3877980579218051,37.11339655957981,0.42351567183085326
2025-01-29,0.36029076449764447,0.3673903669045506,0.3842965164819152,0.38569426750215047,0.17224525933563456,0.4974052743349626,0.49974717191287,0.23831085608454616,0.3044980327924766,0.28642235594181753,0.4367964523702713,0.4342263368741087,0.4974052743349626,0.5626780069047504,,,0.3831229730542453,0.4067788790026358,34.51327358941606,0.37587659373878024,19.256752402873374,0.41500702420826946
2025-01-30,0.38664241823805645,0.3965441114844892,0.41502073549799967,0.4188873507416351,0.27073003989778993,0.5018884777951081,0.5003523135723724,0.31540156168055766,0.3136994726333935,0.2902235102615784,0.4502026545922132,0.4339571759482521,0.5018884777951081,0.5740232789071021,,,0.3934860706608552,0.4026648108583246,46.953402567606645,0.38569426750215047,34.51327358941606,0.4067788790026358
2025-01-31,0.4084507088023735,0.4000886363616676,0.40965616052908305,0.39410938459571404,0.2104810149280495,0.5056654216715826,0.4978723678275767,0.26460186862948065,0.3115611723330074,0.2927535545827823,0.4407234663236993,0.42910248937650897,0.5056654216715826,0.5908609910878697,,,0.3995636676131665,0.392473130900017,34.09835727264172,0.4188873507416351,46.953402567606645,0.4026648108583246
2025-02-03,0.34529758369117336,0.37882144484452707,0.37112897411387014,0.40112203418958153,0.283917604339445,0.5091660061580312,0.49648543639894216,0.2810885059233589,0.3133431707578269,0.2952033421256309,0.44012495863143153,0.4249162750940896,0.5091660061580312,0.6059739381518963,,,0.4047062565089769,0.39513792615357224,34.74027089916291,0.39410938459571404,34.09835727264172,0.392473130900017
2025-02-04,0.381190356429261,0.3956579591381598,0.4116069023788651,0.4128097389276387,0.20657416954319274,0.5092888335297434,0.4966586365754666,0.3088974090362332,0.32005576851069933,0.29876693479807526,0.4484310600151522,0.42502581276099916,0.5092888335297434,0.6061008651926023,,,0.4026803859043115,0.402524555191344,62.70782610429074,0.40112203418958153,34.74027089916291,0.39513792615357224
2025-02-05,0.40390730229714283,0.39255651043414597,0.40599852537441083,0.388031817366773,0.16560384632626532,0.5058496641933684,0.4937878920793376,0.25463786544191847,0.31589510220909517,0.30062374949584875,0.4357029170748676,0.4211821902006322,0.5058496641933684,0.6037684392570134,,,0.4006545301613311,0.40299206516426844,55.46218723102791,0.4128097389276387,62.70782610429074,0.402524555191344
2025-02-06,0.38664241823805645,0.38949934399500696,0.4033162378899524,0.3913043604262113,0.26408526471511184,0.5048363376446345,0.4915904020890661,0.26314264784309904,0.31453965292912217,0.3017853595770925,0.4305184912952679,0.4209059611065087,0.5048363376446345,0.601734302446508,,,0.39738197224020766,0.3974754671011837,52.678568007387575,0.388031817366773,55.46218723102791,0.40299206516426844
2025-02-07,0.43253065929017026,0.4572441528237581,0.45062178588386215,0.43571762951381754,0.6460998789617609,0.5086439890961459,0.49502875878141017,0.3684618427668711,0.3319367081651058,0.3068711230080713,0.45978251127692754,0.42353388471921616,0.5086439890961459,0.6068767063370945,,,0.405017935768934,0.40579711608480445,57.258056142949606,0.3913043604262113,52.678568007387575,0.3974754671011837
2025-02-10,0.42616989884867446,0.4116083210854631,0.43852716781147116,0.42870502450500525,0.25313242479939035,0.5119910386358457,0.4972828293720446,0.3511832503350595,0.34315360522622923,0.3136196560549288,0.47218246584732165,0.42450641386947785,0.5119910386358457,0.6135009310609354,,,0.418575671481678,0.4113137141478892,67.61906967682688,0.43571762951381754,57.258056142949606,0.40579711608480445
2025-02-11,0.40527030691705784,0.39122728191465184,0.4020970416748466,0.3866292606969663,0.25271327386022324,0.5122674009543067,0.49418126887295055,0.2566751537828653,0.3353047123968855,0.3171432381333617,0.44813268461585554,0.424221511207291,0.5122674009543067,0.6146223497443434,,,0.417017304905263,0.40607761850175467,44.56139505514748,0.42870502450500525,67.61906967682688,0.4113137141478892
2025-02-12,0.3621081184339096,0.37483384379418383,0.39063643912104573,0.39784949113014323,0.20890863854395483,0.512789418016192,0.4927460204099585,0.2840088395104078,0.33403353385805706,0.31965839594378836,0.44061245151107153,0.42398406830229085,0.512789418016192,0.6162675731597845,,,0.4043945921107049,0.4080411532544287,44.36620285860503,0.3866292606969663,44.56139505514748,0.40607761850175467
2025-02-13,0.38323488502370134,0.3783340864064877,0.3996586027352802,0.4048620961389553,0.20608553368897656,0.5111619546088976,0.4923042858363569,0.30130188187035856,0.33623878797243284,0.322197397820091,0.4407902664836405,0.42215871602324895,0.5111619546088976,0.6151740543641105,,,0.39644694932202157,0.4107527003969775,57.3170660791619,0.39784949113014323,44.36620285860503,0.4080411532544287
2025-02-14,0.39300317867955215,0.38945501947606265,0.4164837802579977,0.3969144533502721,0.21322342762361593,0.509073886361356,0.490933551615926,0.28237277987334664,0.3351283498650932,0.3239632953041027,0.43502491014621825,0.420236860842365,0.509073886361356,0.6131102187599479,,,0.39987534687312354,0.40299206516426844,52.343747380655685,0.4048620961389553,57.3170660791619,0.4107527003969775
2025-02-18,0.38573376293449174,0.37128931891700534,0.39307487806061203,0.3772791058235317,0.21612274174026092,0.5035773563524766,0.4872942510078364,0.23691478407366284,0.32673415515798515,0.3233704863188392,0.41743506920577644,0.41153739834352043,0.5035773563524766,0.6134039132342921,,,0.3930185517709197,0.3927068814279737,19.21183307416571,0.3969144533502721,52.343747380655685,0.40299206516426844
2025-02-19,0.3684688788754053,0.3602126681123051,0.3862472583316974,0.3683964698400325,0.1650255525171471,0.5002917219628505,0.48291624025235313,0.21702247473410408,0.31705173807681164,0.32058293222120177,0.40106795530909384,0.4116208955008126,0.5002917219628505,0.6052681813917392,,,0.38086334300461216,0.38906032325658696,18.840590393323666,0.3772791058235317,19.21183307416571,0.3927068814279737
2025-02-20,0.3643798216865249,0.35666814323512663,0.3755181549032185,0.3763441126287158,0.19218630923028646,0.49697537999818775,0.47992625250837395,0.2413920769158462,0.3132364155542624,0.31744133846152195,0.39842773643359847,0.40912652717860587,0.49697537999818775,0.6011126130360247,,,0.37400656276409333,0.3847592475563014,41.791071331983936,0.3683964698400325,18.840590393323666,0.38906032325658696
2025-02-21,0.37437529000055086,0.36154189663179925,0.354059994555615,0.33847592965998624,0.28213901465907565,0.49034269606886227,0.47259416411654187,0.15860658989267928,0.29564259498889667,0.3107245772440991,0.371766247292702,0.4080765127903462,0.49034269606886227,0.5866058811663619,,,0.36107217070957814,0.37148201426050764,16.75391206223341,0.3763441126287158,41.791071331983936,0.3847592475563014
2025-02-24,0.3278055249739118,0.31501995480124434,0.3252865173893127,0.3221131251926841,0.21471847402160757,0.48226678832559255,0.46396110762150633,0.12738902005469782,0.27609966472214986,0.3006820040276483,0.346964304014575,0.4062716687399418,0.48226678832559255,0.5697705429835193,,,0.3456443891604621,0.3565217486289901,8.05687332316083,0.33847592965998624,16.75391206223341,0.37148201426050764
2025-02-25,0.2907769222740842,0.2893221283146654,0.28139477925986034,0.28705001097851257,0.3630149728784687,0.47564945525534974,0.45186611829012957,0.06794799327593937,0.2477345382643562,0.28587099684016276,0.3114041373816861,0.41788530963799253,0.47564945525534974,0.5353813268469476,,,0.3158796886103943,0.3384759296599863,6.3197041837577785,0.3221131251926841,8.05687332316083,0.3565217486289901
2025-02-26,0.27169468427873267,0.2755870627250465,0.2796878859549703,0.2744273130456396,0.24874927152911644,0.4689860637509873,0.4393807492078412,0.04862900694951028,0.22180209483813143,0.2678264550406661,0.2872903444016862,0.42805227174285787,0.4689860637509873,0.5031555244039748,,,0.2945301497389454,0.31968209830110766,6.692916490042933,0.28705001097851257,6.3197041837577785,0.3384759296599863
2025-02-27,0.28100862861823334,0.2764732150713759,0.2701780019962745,0.25712951538352163,0.270262697807863,0.46054167389258127,0.4259709600604483,0.023107385787113965,0.19619166026569132,0.24727201936882043,0.26857303702703206,0.4371365892573331,0.46054167389258127,0.46829388828800683,,,0.2728689464692246,0.29583917885206884,6.250002191347036,0.2744273130456396,6.692916490042933,0.31968209830110766
2025-02-28,0.24352565493748773,0.2645104119203463,0.26335040552203703,0.2795698870797648,0.29573900569328015,0.45139102445050394,0.4165801334377003,0.10155057720435229,0.18710075633548487,0.22865648725551022,0.28303223559105484,0.4356610484448986,0.45139102445050394,0.4483222949801899,,,0.27037557183630867,0.28405797033602453,15.841570446794861,0.25712951538352163,6.250002191347036,0.29583917885206884
2025-03-03,0.3082689376622101,0.2999557029462009,0.277005598470512,0.27021973220633017,0.3943683597077151,0.443253704485596,0.40694123802658777,0.08550707234961691,0.17827579808823854,0.21165561728719803,0.2950734330325473,0.4365001792629478,0.443253704485596,0.42717838324494334,2025-03-03 12:15:09,0.0,0.2689730448898722,0.2736792917387537,19.83469901909436,0.2795698870797648,15.841570446794861,0.28405797033602453
2025-03-04,0.245797358190103,0.2618520393894971,0.2565227857931224,0.26881722012157877,0.27397229569193526,0.43456365988376566,0.398048969032223,0.08301955704932185,0.17295485229264612,0.19678364983452423,0.3109495316974621,0.4348272981109075,0.43456365988376566,0.40863932104903505,2025-03-03 12:15:09,0.0,0.2728689464692246,0.270032733567367,22.857137667074767,0.27021973220633017,19.83469901909436,0.2736792917387537
2025-03-05,0.26760562708985225,0.2840053409988976,0.2857839600492088,0.30575036531043726,0.2566996906800556,0.4275317862642667,0.39451619813796246,0.20842959362718183,0.18585140808205622,0.18796729943106222,0.356108750141711,0.4277245703048842,0.4275317862642667,0.40268098715828254,2025-03-03 12:15:09,0.0,0.2815957725461154,0.2762973440203265,59.345814592208136,0.26881722012157877,22.857137667074767,0.270032733567367
2025-03-06,0.281690109263623,0.28311918865256824,0.29480614691812046,0.28705001097851257,0.24170103554937913,0.4208990994065055,0.38903500970978055,0.16899796840174308,0.19050839802994404,0.18202685936467305,0.3775555923185709,0.4239566794107359,0.4208990994065055,0.3924494575816109,2025-03-06 10:56:58,0.0,0.2872058654701762,0.2822814431393247,55.94712693996092,0.30575036531043726,59.345814592208136,0.2762973440203265
2025-03-06,0.281690109263623,0.28311918865256824,0.29480614691812046,0.28705001097851257,0.24170103554937913,0.4208990994065055,0.38903500970978055,0.16899796840174308,0.19050839802994404,0.18202685936467305,0.3775555923185709,0.4239566794107359,0.4208990994065055,0.3924494575816109,2025-03-06 12:15:48,0.0,0.29328346242248743,0.2837774679190742,66.8420925827212,0.28705001097851257,55.94712693996092,0.2822814431393247
2025-03-06,0.281690109263623,0.28311918865256824,0.29480614691812046,0.28705001097851257,0.24170103554937913,0.4208990994065055,0.38903500970978055,0.16899796840174308,0.19050839802994404,0.18202685936467305,0.3775555923185709,0.4239566794107359,0.4208990994065055,0.3924494575816109,2025-03-06 21:31:43,0.0,0.28705001097851257,0.28714352367351076,55.63379714139498,0.28705001097851257,66.8420925827212,0.2837774679190742
2025-03-07,0.27214903359508286,0.3004873859031846,0.2922262730319555,0.31763910406286777,0.2198225220782714,0.4160606181470582,0.3878133170385917,0.25952267440124166,0.20847197273910856,0.1815663345634069,0.41842156658718427,0.41844932590768713,0.4160606181470582,0.3893251007918072,2025-03-06 21:31:43,0.0,0.29724637533996434,0.29690790046176857,77.05809711974523,0.28705001097851257,55.63379714139498,0.28714352367351076
